WaitTime,ServiceRating,FoodRating,AmbianceRating,AverageSpend,VisitFrequency,LoyaltyProgramMember,OnlineReservation,DeliveryOrder,GroupSize,TimeOfVisit,HighSatisfaction
26.678847912121995,4,2,3,167.73327473872823,3,1,1,0,5,1,0
23.408163787315537,1,1,4,48.88467325776793,2,0,0,0,5,3,0
1.3272325613263636,5,3,4,14.930916930442146,3,1,0,1,5,3,0
34.34458888181486,5,2,1,97.28416134403123,3,1,0,0,4,2,0
23.57017659493897,1,5,2,15.680246790758206,4,0,0,0,2,1,0
33.313420926683335,3,1,2,139.29647455084765,4,1,1,0,8,1,0
10.174872817477358,3,3,5,94.1276704628134,4,0,0,1,7,2,0
26.853297520593717,4,5,3,111.06469580573008,4,1,0,1,8,3,0
54.59796891955176,5,4,1,113.71794874220734,3,0,1,1,1,1,0
1.3740790404141157,4,4,5,150.5816281517009,4,1,1,1,9,2,1
20.72625134788519,3,1,3,52.11032383395981,3,1,1,1,1,3,0
10.185275851948902,4,5,5,195.4952072501588,4,0,1,0,1,2,1
40.52250998194499,2,1,1,44.14959954675162,2,0,0,0,9,2,0
23.4602840695494,3,1,3,78.25517844255303,4,0,0,1,6,2,0
27.00321650083249,3,1,1,140.8900060528823,3,1,0,1,3,2,0
10.487910762344152,1,3,1,90.71967577060066,3,0,0,1,1,2,0
26.814592015073163,1,1,5,100.73909183234257,1,0,0,1,7,2,0
37.73055228683874,3,4,3,133.3781622903457,1,1,1,0,5,3,0
31.54489057949783,3,3,5,197.4495946264295,1,1,0,0,1,1,0
2.328375335155366,4,4,3,112.00754119239576,1,0,1,0,2,2,0
52.91518026044061,5,2,2,183.11520692505675,3,1,0,0,1,2,0
22.35720105478122,3,3,4,144.8868093932331,3,0,0,0,6,1,0
7.705847530002243,4,2,2,183.58164821906905,2,0,1,0,9,3,0
28.73059969632672,3,4,3,51.47988262194291,4,0,0,0,5,1,0
20.88785893260521,2,5,4,137.7476553926175,1,0,0,1,8,2,0
46.60247439806008,4,3,4,134.82270663232055,3,1,0,1,7,3,0
51.309567442728266,2,1,5,172.68840534493273,1,1,0,0,7,1,0
13.81907211710084,4,4,1,180.70560670712732,4,1,1,0,8,3,0
57.09154835287963,2,1,1,67.72031223352919,4,1,0,0,2,1,0
14.14031475677907,1,1,2,81.4998133360547,4,1,0,1,7,2,1
26.950636277978948,1,2,4,192.3188812191898,3,0,0,0,4,2,0
26.989066107482117,3,3,5,35.907718018430685,4,1,0,0,3,2,0
52.76434459364178,5,4,1,147.20968069763043,1,0,1,0,7,2,0
14.82502157845634,3,5,4,68.70420104571224,1,0,0,0,7,3,0
27.74877785083721,2,2,1,49.5105681501496,1,0,0,0,6,3,0
0.0149114560396945,2,3,5,70.4066687027184,3,0,0,0,1,1,0
48.82977393513205,1,4,5,154.41550917302246,3,0,0,0,6,2,0
50.66878579355984,5,2,3,17.76115338177571,4,1,0,1,1,3,0
17.590568932735138,3,3,4,80.0714142718904,1,0,1,0,7,3,0
51.09969008813642,2,4,4,34.27721431221249,2,1,0,1,1,3,0
27.85747132410039,2,5,2,158.0323675513539,3,1,0,0,3,3,0
38.54786595790443,3,1,1,184.83505605134727,1,0,0,0,7,1,0
4.104431457778972,2,4,4,61.326759998326295,3,0,1,0,6,3,0
41.82277174881369,2,1,4,72.04320631323584,4,1,0,0,8,2,0
17.196392743318963,2,4,3,67.39045866960191,3,0,1,0,6,3,0
53.43161490298614,5,5,5,66.75458855447049,3,0,0,1,3,2,0
20.325972315339666,1,1,3,112.84220712588233,2,0,1,1,6,3,0
20.736667690106493,5,1,3,184.7513315802363,1,0,0,1,6,2,0
3.956950223363871,4,5,2,166.9688745964335,3,1,0,1,8,3,1
21.62589992415113,2,4,1,173.10767586974072,3,0,0,0,5,3,0
13.289351557213948,1,5,5,121.644763775759,3,0,0,0,6,2,0
34.26930697531454,3,2,3,110.493688587641,4,0,1,0,5,1,0
21.93156298095157,4,3,3,69.28435981597127,1,1,1,0,4,2,0
31.76272632246535,1,2,2,63.69375556149373,2,1,1,0,4,2,0
32.28980108065386,4,3,5,135.65412177929394,4,0,0,1,2,3,0
57.53913498894478,2,2,3,73.43780810404203,4,0,0,1,3,3,0
39.084889438320765,1,2,1,85.47931405868107,4,0,0,1,3,1,0
5.048867087682525,5,3,2,51.90450267237212,3,0,0,0,4,2,0
52.9499244335799,3,2,5,10.96927856893546,1,0,0,0,2,2,0
55.40597200612843,3,4,1,85.51928459158029,3,0,1,0,9,1,0
59.7074067773838,2,4,5,43.849076099752345,3,0,1,1,3,2,1
29.274641355025373,4,2,4,77.70085228331983,1,1,1,1,4,1,1
40.37442514501375,1,2,1,197.37053413565985,1,1,1,0,4,3,0
8.397030570724553,5,3,1,189.7619745829672,3,0,0,1,3,2,1
32.04058838871092,3,5,1,186.19161022331605,4,0,1,0,4,3,0
44.318042204901545,1,4,3,93.46414651329052,3,0,0,0,7,2,0
34.54095113920492,4,5,1,77.79903126553116,4,0,0,0,8,3,0
35.60318674129044,1,2,1,22.771395647027127,4,1,0,0,7,3,0
12.825703842954306,3,1,2,197.21686201105783,4,1,0,0,6,1,0
17.63863694668967,1,2,2,71.62880175947997,3,1,1,0,4,3,0
0.5127055628958654,3,2,3,48.65686844979565,3,1,1,1,5,1,0
36.6397457049256,5,5,4,80.21039468849759,3,1,0,0,8,2,0
27.89391375517908,2,2,5,78.8226831281176,2,1,1,1,8,3,1
49.38977483493064,5,2,1,124.79122356116706,4,0,1,0,3,2,0
27.19882809392179,3,5,5,35.33523109998468,4,1,1,0,1,2,0
36.581379118792405,1,1,1,163.33338212074094,1,1,0,0,2,2,0
58.38655770534727,1,2,5,54.43583196781962,1,0,1,0,2,3,0
30.15292024751687,4,2,1,190.34280026371331,3,0,0,1,5,2,0
22.367982393571893,2,4,2,83.78438946089133,4,0,1,0,7,1,0
48.21798945615952,1,1,5,81.75651562897325,4,0,0,0,8,3,0
23.14634855400718,4,4,1,127.4639976715102,4,0,0,1,5,3,0
13.443036862504067,2,4,2,127.26102867593043,3,0,1,1,9,2,0
43.95543940858408,1,1,5,143.34070635305335,3,1,0,1,4,3,0
48.08229932964473,4,1,2,13.889778950491268,3,0,1,0,5,2,0
52.72098723679412,5,1,1,198.489279119201,3,0,1,0,8,1,0
19.37037724576998,5,2,4,186.92317363786648,1,0,0,0,3,2,0
32.889401882082375,3,3,2,35.50513872936831,3,0,0,0,5,2,0
26.19011242952263,5,1,4,54.83039978341717,1,1,1,1,6,3,0
41.79393680547827,3,2,1,132.74031925912814,1,0,0,1,3,2,0
40.262814742464606,2,2,4,65.17347118294035,3,1,1,0,3,1,0
5.359746295306276,2,4,1,146.45272938499028,3,1,1,0,1,1,1
9.2638215003383,3,2,1,173.1934313676002,1,1,0,1,8,2,0
13.340784055258368,5,3,4,104.06862764919305,1,0,1,0,8,1,0
13.365549852448632,4,3,4,59.217403200999634,4,1,1,0,8,1,0
41.75420024600476,1,1,3,26.717018627385954,4,1,0,0,2,3,0
58.56370482821964,1,2,1,19.9192726952068,4,0,1,0,6,1,0
59.75947711372499,2,1,5,83.06768849419211,1,0,0,0,2,2,0
8.110755010779936,4,3,1,134.78019026020772,1,0,0,1,2,3,0
18.78060494620468,2,3,4,12.404014732117863,3,1,0,0,6,2,0
49.37185458054247,4,2,3,161.78224322513424,1,1,0,1,2,2,0
14.122936133441774,2,3,5,179.3577899206674,3,1,0,0,6,3,0
31.82099608961547,4,4,2,21.063003136861447,3,0,1,0,6,2,1
47.21775983302744,5,4,5,122.79930687648312,3,1,0,1,3,3,1
18.9682402312095,5,5,1,30.92878402275293,4,0,1,0,6,2,0
28.39662557549452,5,1,3,23.48709312280983,4,1,0,0,9,2,0
50.66103905080503,4,1,1,49.69226098441569,3,0,0,1,1,1,0
1.969663339501737,3,3,5,96.1167713076355,1,0,0,1,7,3,0
0.8387493070477969,5,1,1,167.0862907790414,3,1,0,0,3,3,0
18.09203140722175,4,5,4,12.761229125085087,1,0,0,0,1,2,0
39.45867191232583,1,1,1,47.41528773340109,4,1,1,1,8,1,0
23.252417686959504,2,4,4,77.13059392465505,3,1,1,0,1,1,1
50.45859134241695,2,3,2,66.35946150585394,2,1,0,1,1,1,0
16.78952188776945,3,5,1,198.9714685355353,4,0,0,1,9,2,0
41.18056022078143,3,5,5,107.65159384535129,2,1,0,0,3,1,0
18.703957711763152,3,5,1,51.82752716289399,2,0,1,1,4,3,0
41.46595883893675,2,1,1,135.7284503445674,3,1,0,0,3,2,0
36.272263544267496,3,4,3,116.2793026683666,3,0,1,1,8,2,0
56.37740242061348,3,5,1,186.769294061042,2,1,1,0,6,3,0
59.00026710359937,5,2,4,174.67755856658786,1,0,0,0,4,2,0
35.304614306306334,4,1,4,137.96953595223462,4,1,0,0,1,3,0
4.254176173334551,5,2,4,72.29703458246388,1,1,0,1,8,1,1
33.431583675079565,5,5,2,44.27360536824927,1,0,0,0,9,1,0
24.37742776254865,2,3,3,144.21140399701935,4,0,0,1,2,2,0
4.711531211473816,4,5,5,56.68449581780844,3,1,0,0,3,3,1
53.43051036965515,2,5,2,136.01982327282818,4,1,0,0,9,2,0
42.33410389191695,1,4,5,147.36221965252585,3,0,1,0,7,2,0
5.115625193878244,4,2,2,121.94165323350794,3,1,0,0,8,3,0
12.221203389731969,5,5,1,189.62223894859676,4,1,1,1,5,3,1
13.641005727590818,4,4,4,136.3716092239128,3,1,0,0,3,1,1
19.287737377033157,4,2,4,185.40145786385608,4,0,0,0,8,1,0
22.805159661906096,2,4,3,66.52543607792724,3,1,0,0,8,2,0
18.720524373492697,4,1,2,92.59637102402418,1,0,0,0,4,1,0
15.381392723620197,3,3,5,14.4656275288932,3,1,1,0,9,2,0
41.96876383479308,1,5,4,117.26780589307036,3,1,1,0,8,2,0
10.050039659546728,4,3,2,102.77651038492615,4,1,0,1,4,1,0
25.264104429589157,2,5,1,110.77375737244844,3,0,0,0,6,3,0
17.836599573670306,3,5,1,156.67173066357182,1,0,0,0,9,2,0
13.911533282471042,5,1,2,161.14438446229394,3,0,1,0,5,2,0
23.092681786263668,1,4,2,79.24104572455101,4,0,0,0,3,1,0
43.61747306069342,3,1,2,173.4417600904705,3,0,1,0,9,2,0
48.62133553025409,3,4,4,167.18442782004217,1,1,1,0,8,1,0
45.20630914994164,3,5,1,90.38420386243762,3,1,0,0,2,3,1
8.019735830998915,5,5,2,180.83422899334735,3,0,1,0,9,3,0
44.39602459245667,5,2,4,19.327413767192105,2,1,0,0,1,3,0
20.6389668743143,3,1,3,97.63976566794648,1,0,0,0,5,3,0
1.5473774908024795,3,5,2,58.91998478697617,4,1,1,0,3,1,0
55.98190250047499,1,3,3,79.90099557776625,4,1,0,1,4,3,1
30.295858293167164,2,2,4,105.43061829329368,3,1,0,0,9,3,0
2.6735927480409294,3,5,5,63.93923953545973,3,1,1,0,4,3,1
57.82709041146665,2,2,2,51.23810599054555,3,0,0,0,8,3,0
25.061243833862108,4,2,5,196.0137588537852,1,1,0,1,9,1,0
26.71199980599432,4,1,5,40.30039916578299,3,1,0,0,5,3,0
59.66843089958084,4,5,1,176.12673062604756,2,1,0,0,8,2,0
46.52570530486041,1,1,4,190.88442218410168,1,0,0,0,4,3,0
18.714541284236763,4,4,4,45.0052337701188,1,1,1,1,6,2,0
36.585997874836096,5,1,1,102.40459269444337,4,0,1,0,7,2,0
28.393705729170293,5,4,5,133.35814531316947,1,0,0,1,7,1,1
29.115145733975417,5,3,3,135.31403352677717,3,0,0,0,8,1,0
30.65368586236778,5,1,4,83.30586895764371,4,0,0,0,7,1,0
6.274748337007323,3,3,5,140.30254091119323,2,1,0,0,6,2,1
0.7088356291871944,5,5,5,50.12980680270481,3,1,0,1,8,1,1
59.49877280332748,5,4,2,188.75893114541825,3,0,1,1,9,1,1
25.547960743595254,3,4,3,114.48862784309316,1,0,1,0,6,2,0
32.50820011403164,1,2,5,145.1114142191662,1,0,0,0,3,3,0
36.03540213941999,1,4,3,133.54676723045583,4,1,1,1,8,3,1
10.465248089509542,5,4,4,101.66957851467669,3,1,1,0,5,2,1
13.5246748178942,5,2,4,100.3827598355537,1,0,0,0,5,2,0
37.56982465842933,5,2,3,137.45706687314652,3,1,0,1,8,3,0
50.225122949069096,2,1,4,131.51481220796285,4,1,1,0,7,3,0
44.38504172359715,4,4,2,148.63018818327575,3,0,1,0,8,1,1
0.7077322056962898,1,4,2,116.90195810635778,4,0,0,0,7,1,0
25.478258861067285,4,1,3,146.8138198899871,3,1,1,0,8,1,0
25.874070415671543,4,4,4,141.28071971605854,4,0,1,1,8,1,0
36.273536430878885,1,5,4,111.55427103005158,1,1,0,1,6,1,0
14.469958961030317,3,2,5,182.4289298714216,4,1,0,1,1,2,1
47.0827503490952,2,1,1,93.35382848073952,2,1,0,0,3,3,0
22.372741668106123,2,2,2,43.52704473016984,3,1,0,0,3,2,0
36.31157072801871,1,3,2,145.26080640723066,4,0,1,1,8,3,0
34.73797166387229,3,2,5,100.1519807030905,3,0,0,1,1,3,0
7.331572874095766,4,4,3,167.89015925797418,3,1,0,1,9,3,0
35.76552841879925,4,4,5,136.6023266790903,4,0,1,1,9,3,0
38.86856151569877,5,2,5,43.02728633144191,4,0,1,1,2,1,0
37.70263345380544,4,3,2,105.37534272764128,2,0,0,0,1,1,0
49.317271272928366,2,5,4,68.72990341597128,2,0,0,1,4,1,1
5.993643987764175,1,3,3,89.30301782291738,4,0,1,0,8,2,0
27.075081457477005,2,5,1,71.16360917361501,1,1,0,0,3,3,0
20.13890505167676,3,1,4,92.090775226451,1,0,1,0,6,1,1
37.80967869812381,2,5,5,134.55756421232414,4,0,1,1,4,2,0
6.507093919774054,5,3,1,162.5853412343783,3,1,0,0,7,3,0
26.216099759833085,1,4,5,68.86879020261722,3,1,0,0,2,1,0
12.74638265093821,4,2,3,154.72946050731346,3,0,0,1,4,2,0
28.505867948818768,2,1,2,193.5060942932996,3,0,0,1,1,1,0
30.167191384080883,3,2,4,31.84435109354058,1,1,1,0,6,3,0
24.86038483053938,2,3,2,69.36932804782072,1,0,0,0,8,3,0
44.854573046000624,4,4,2,96.42774727964704,3,1,1,0,3,3,0
44.07254533905591,5,1,5,191.29020011401389,4,1,1,0,9,3,0
6.510665696839948,5,1,2,13.012430375221385,3,1,0,1,9,1,0
10.565570908594156,2,1,3,65.42080208346175,3,1,0,1,8,2,0
0.0920334760771135,5,4,2,153.22984378487956,3,0,0,1,5,2,0
55.41809049500102,4,5,5,124.7740126459871,3,1,0,0,7,2,0
11.310974101220472,2,4,1,20.654711535226305,3,1,1,0,5,3,0
46.29388290310728,3,1,5,107.68321200719404,1,1,0,0,2,3,0
10.96746060047673,5,5,4,100.02876406197916,2,0,0,1,4,1,1
50.88045048774508,3,5,1,94.40713162744215,3,1,0,0,2,3,0
38.4871092865124,2,2,4,191.3734695333004,1,1,0,1,1,1,0
16.834782593564416,3,1,1,123.57321462151498,3,1,0,0,7,2,0
39.192316524050455,5,2,5,15.579103406381495,1,1,0,0,8,3,0
38.93637952886286,3,1,1,142.4084639624003,1,0,1,0,6,2,0
22.79358321051642,3,3,3,120.00446056144531,4,0,0,0,4,3,0
0.4876669077009099,5,2,5,123.43232870632065,3,0,0,1,3,1,0
6.340382658491588,4,4,4,186.6311748100833,1,0,0,0,9,1,0
12.461725723364768,2,5,1,10.989760093919555,3,0,0,0,5,1,0
34.946325187323765,2,2,3,90.89865127929458,3,0,0,1,7,3,0
11.939401838620762,5,1,4,147.87858242993383,1,0,0,1,5,3,0
50.24718569753183,1,2,2,66.9188731715312,1,0,0,0,4,2,0
31.500863986234304,3,4,1,41.61750715763591,3,0,0,0,3,1,0
53.036909241723706,2,1,3,20.837861562388223,1,0,0,0,1,3,0
32.82539470509944,4,4,3,164.56321689154282,1,0,0,0,1,1,0
38.47170978065992,2,1,5,121.3514869993556,3,0,0,0,8,1,0
7.412754152631473,2,5,1,100.05489703211109,3,1,0,0,4,1,0
51.99130846363711,4,1,5,78.28989623054906,3,1,0,0,2,2,0
20.945600962373376,5,1,4,44.938359866126845,1,0,0,1,1,2,0
51.11697715601174,3,1,2,63.700146177112615,3,0,0,1,6,2,0
29.112741124033267,5,2,2,79.78008201556801,4,0,0,0,3,1,1
38.82148628497882,3,3,3,38.92535578137331,3,1,0,1,2,3,0
47.95934719584741,2,3,4,195.87542268680468,2,1,0,0,7,2,0
17.524121602930375,5,2,5,136.8489274988425,4,1,0,0,1,3,0
36.45626302447613,3,4,5,99.7227547310138,1,0,0,0,9,1,0
49.975428233786765,1,2,5,89.83556255864282,3,0,0,1,8,3,0
6.592300228953132,5,1,4,97.32401176515864,4,1,0,0,3,2,0
19.70108321740546,1,1,1,123.0870670234081,2,1,0,0,1,3,0
42.53974048856039,3,5,1,182.91249695992715,3,0,0,1,7,2,0
50.93668576449252,3,4,1,188.3332915729802,3,0,0,1,6,2,0
36.24733452927848,3,5,4,114.32945837301976,4,0,0,1,8,2,0
8.696160119258,4,4,2,40.84520606154881,3,1,1,0,9,1,0
15.756474493596818,5,2,3,142.9423743368122,4,0,0,0,2,3,0
54.25606515142513,5,2,4,176.61044905704867,4,0,0,0,6,3,0
38.694987107613215,4,2,3,51.77348953504277,1,1,1,0,8,3,0
32.13632242302906,4,4,2,56.432095925052735,2,1,1,0,7,1,0
55.9270550297639,2,4,2,140.13573003848268,1,0,0,0,8,3,0
57.58370681893139,2,1,5,176.97585538917426,2,0,0,0,9,1,0
48.16463733123352,3,2,3,77.98170104061032,4,0,0,1,2,2,0
49.65539248980175,2,4,1,147.8134647339018,3,1,0,0,2,2,0
52.14505036774359,2,2,3,144.6592234500113,1,0,0,1,7,3,0
35.349421840818906,5,3,2,144.57860393253458,3,1,1,0,4,1,1
8.244006741784489,2,4,5,33.60653972688104,2,0,0,0,7,3,0
14.12777801099148,4,4,1,80.86541992217049,1,0,1,1,5,1,0
9.156306775423309,5,1,2,30.693319056227097,1,1,1,1,1,3,0
2.746688416056451,2,1,5,180.9215511141612,4,1,1,1,7,2,0
15.98731087103661,2,3,5,118.8235980382652,2,1,0,0,4,1,0
40.09550564763615,4,2,2,188.6663473401308,1,0,0,0,5,3,0
20.89578123584317,3,2,1,118.8142359169079,3,1,1,1,1,1,0
49.34054766558948,4,4,4,102.84897436751812,3,0,0,0,8,2,0
19.843985390587072,3,4,3,127.61433641500332,1,1,1,0,4,3,0
30.864936410334824,3,5,5,39.327100834516,1,1,0,1,6,1,0
24.09705188821825,3,1,5,128.94310105875724,3,1,1,1,6,2,1
57.9696684431381,2,3,4,116.7042536366184,4,1,1,1,4,1,0
18.841182379741785,2,3,1,29.36221415112039,3,0,0,1,6,1,0
57.54125311240168,4,1,1,184.2614209120665,2,1,0,0,1,1,0
47.86090484383425,2,2,2,44.55031062788119,1,1,1,1,2,3,0
13.688598385020818,3,3,5,34.8916606316771,3,0,1,0,6,1,0
55.04547514948159,3,3,3,132.99491822652053,3,1,0,0,8,3,0
14.512495648632743,2,2,5,60.86597045518758,4,1,0,1,7,2,0
19.00287938064309,2,3,2,26.830749101656775,2,1,0,0,7,1,0
32.84216712074896,3,4,1,145.02450059069025,4,0,0,0,2,2,0
31.203962882182555,2,2,1,110.78412039052334,4,0,0,1,2,2,0
57.85191092022459,2,4,2,135.0003798792856,4,0,0,1,5,3,0
26.337337634742223,3,5,4,174.77001229160354,3,1,0,0,6,3,0
9.446441156600295,2,4,5,145.28267212337477,1,1,0,0,4,1,0
54.00283230965103,1,2,5,149.17051849163366,4,0,0,1,5,1,0
1.7871813416047888,2,3,2,155.10862414970754,4,1,0,0,5,2,0
53.04560429863301,3,2,5,113.91503018690754,4,0,1,0,8,2,0
27.606053811875192,4,5,1,46.85649538841608,3,0,1,0,3,1,1
16.291742748657963,1,3,2,117.17747014196864,4,1,0,0,9,1,0
4.391507835932642,5,5,3,87.11345421761146,3,1,1,1,8,3,1
54.04730785579164,2,5,2,94.2706973207178,4,1,0,1,3,3,0
3.663373534822749,4,4,4,132.84366490107558,3,0,0,1,4,3,1
37.35023525174003,1,1,1,198.83560490419637,3,1,0,0,7,3,0
5.405142682475046,5,3,1,64.44356242858763,4,1,1,0,6,3,0
53.25882497614798,4,3,3,71.36459600111218,3,1,1,0,3,1,0
54.32387707284988,5,1,4,127.64502509776707,4,0,1,0,6,2,0
23.12182713459944,1,1,5,20.857983849567155,2,1,1,1,6,3,0
53.10539685305609,5,3,3,84.90321104282047,2,1,0,1,5,3,0
33.92845537316397,4,3,5,59.5419667212057,3,0,0,0,8,2,0
12.248470888842348,4,2,4,34.514741102668,4,0,1,0,9,3,0
36.78206426299735,4,4,4,184.375578941634,2,1,1,0,2,2,1
30.750022077290588,1,2,5,171.97542283113074,4,0,1,0,3,2,0
43.24050203399883,5,2,1,40.096970574024425,4,0,0,1,2,2,0
7.416326486478015,3,4,3,47.55312222798942,3,1,0,0,3,1,0
3.233575570667917,1,5,4,198.4449157190955,1,1,0,0,3,2,1
22.494627443608657,2,3,4,178.9922404097371,2,1,0,0,4,1,0
24.234872374241988,5,1,5,83.19003169592992,4,1,1,1,2,2,1
53.47543630847147,3,2,3,160.58518349362234,4,0,1,1,1,2,0
35.36940274806766,2,1,4,150.42720623537676,3,1,1,0,7,1,0
55.396910337971136,1,5,5,175.6719507782355,4,1,1,1,1,1,0
50.81000251264156,3,4,1,181.2632909578462,4,1,0,1,5,3,0
27.601757493398843,5,3,3,161.8451992380163,3,0,0,0,5,1,0
17.00683947103258,4,4,4,195.2689536465537,3,1,1,1,5,1,1
27.306529182374884,3,4,5,129.86177335968978,3,0,1,0,3,1,1
41.57326811956717,4,1,1,19.88853328904562,3,1,0,1,1,1,0
31.796520733924297,5,5,3,13.260450476413716,1,0,0,0,3,1,0
2.436076712311881,5,1,3,88.65281100002984,3,1,0,0,9,1,0
28.532248646260296,4,2,4,85.44055181988527,2,0,0,1,5,2,0
14.727752400720703,3,3,3,28.24178353125655,4,0,0,0,9,1,0
40.1067234303811,5,2,2,192.38638629445916,4,1,0,0,5,3,1
24.502044118271023,2,5,1,164.05184941535802,1,0,1,1,8,3,0
10.86918091504917,2,1,5,92.41380976638852,1,1,0,0,2,3,0
55.48481861718998,5,3,1,101.10929866972629,3,0,1,1,3,1,0
22.491714938046997,4,1,5,128.34448023701614,4,1,0,0,7,3,0
46.3865749326132,3,4,5,124.09763666589603,1,0,0,0,1,3,0
45.21649330766305,2,2,5,196.8790017926896,3,1,0,0,4,1,0
40.87133945532076,5,4,4,48.51764975987092,3,0,1,0,7,3,0
12.220101872103273,1,2,4,152.31006335756317,1,0,0,1,4,2,0
41.94581409278226,4,5,5,135.03561567563656,2,1,0,1,4,1,1
24.855225106192208,2,2,3,54.66875506129602,3,1,0,1,6,2,0
27.241392164311616,5,2,3,92.34242103351995,2,1,0,1,9,2,0
5.202486901117764,1,5,5,142.93147298193745,4,0,1,0,6,3,0
32.19485338101179,4,2,5,134.89200695724782,3,0,0,1,1,3,0
31.102831588367867,1,4,3,156.60879479813556,3,1,0,1,6,1,0
51.93386285023039,4,3,2,46.42526732772109,1,1,0,0,4,1,0
12.687700273780658,2,4,5,70.10524481068958,3,0,0,1,5,1,0
16.88515448274197,5,3,5,86.5020629283075,4,1,0,0,6,3,0
53.1969059660755,4,3,1,142.6644485190539,3,1,0,1,9,2,0
13.25138534574897,5,1,1,76.64096308448319,3,0,1,0,3,2,0
54.2022232622338,5,5,2,51.182801740141926,3,1,0,0,9,3,0
45.28200052685403,3,4,5,117.01335770070072,1,1,0,0,8,1,0
31.1108427372617,1,3,2,46.33339149465301,4,1,0,0,8,1,0
15.804442301945508,1,2,1,176.5760636160017,1,1,0,0,3,2,0
14.464961906742676,2,3,4,114.20615959427934,4,0,0,0,6,1,0
50.26652063133546,5,5,1,61.931069877977095,1,1,0,0,9,3,0
54.43414186165635,5,5,1,23.113997040309528,4,0,0,0,3,2,0
42.50120086329454,3,4,1,75.65118253051881,3,0,1,0,7,3,0
57.62304582757618,3,5,2,62.54918376158604,1,1,0,0,4,3,0
57.9171810012558,1,5,4,153.7706146764834,3,0,1,0,4,1,1
51.46134654220489,5,1,3,30.835717349984744,1,0,1,1,5,2,0
37.317387444850254,1,1,4,148.70300833124838,4,0,1,1,3,1,0
51.97772381598615,3,5,5,190.0134680630213,4,1,0,0,7,2,0
41.83867263046258,4,5,1,180.3932781800881,4,1,0,1,6,2,0
41.12402999720587,3,4,3,57.337595715147295,3,1,1,0,1,2,0
10.483875568450827,3,4,3,50.479568394460905,3,0,0,0,6,3,0
28.99944668357378,2,1,1,101.46681786979453,4,0,0,0,2,1,0
13.189930141615742,1,3,3,123.9613731823586,3,0,0,0,4,3,0
27.603462337374417,3,2,5,106.786324714051,1,1,0,0,9,2,0
46.206575464605976,5,3,5,13.019570764641326,4,1,1,1,4,3,0
56.590525796577246,5,1,1,152.50763980673295,3,0,0,0,5,1,0
9.845117851219038,1,5,2,13.213182487555123,3,1,0,1,5,1,0
28.29627880427111,4,5,1,32.40365651484126,3,1,0,1,4,2,0
1.8882545471534475,3,4,3,94.53822338134528,3,1,1,1,3,3,1
4.401234833424821,1,1,4,136.3962190494152,3,0,0,1,1,2,1
57.48473800726117,5,3,4,187.9768523616427,3,1,1,0,1,3,1
55.551874452497565,5,5,2,54.41559399538539,1,1,1,0,9,2,0
19.42665601928384,4,1,4,164.37473879392766,3,1,0,0,2,1,0
14.908632082900697,1,3,1,109.31002140161782,4,1,0,0,2,2,0
47.68321202727586,1,2,1,76.1388425208535,1,0,1,0,5,2,0
56.53651310178938,5,5,5,194.16530297447468,3,0,0,1,9,3,0
38.02611371131613,5,3,1,35.453981513609406,3,1,0,0,7,3,0
30.480202435131545,1,5,2,190.0271054295437,1,0,0,1,8,2,0
48.10977170491525,5,3,3,145.24833317905146,1,0,0,0,2,3,0
50.7130891415006,3,5,4,113.23687364925227,1,1,1,0,1,1,0
11.732632719072182,1,4,3,60.08616117653544,3,1,0,1,4,1,1
28.604437101087345,3,2,1,174.86466125346527,2,1,0,0,4,2,0
3.925785195859719,3,3,3,150.08860448028588,4,0,0,1,4,2,1
18.94857239916812,1,3,2,39.23538252336576,4,0,0,1,5,1,0
17.19321849537098,2,3,5,158.63869643815414,3,1,0,1,5,3,0
52.64420844315436,4,3,2,70.96739934261325,2,1,0,0,9,2,0
11.040261320775455,4,1,2,56.02901182750218,2,0,1,1,2,1,0
24.373219142969724,2,1,3,130.934934052053,3,0,1,1,2,3,1
37.82919953206408,2,1,4,108.20498905445945,1,0,0,0,1,2,0
21.959538187521638,1,2,1,77.64236667344845,3,1,0,0,8,3,0
52.52621919117751,2,4,5,87.15500755906237,2,1,0,1,2,3,1
37.06861886035063,2,5,3,190.9125618456231,1,1,1,0,3,3,0
47.69382916661885,1,2,3,50.7288555657926,1,1,0,1,1,3,0
54.21689202135904,2,1,2,95.93705690992311,3,0,0,0,6,1,0
9.377989581660309,1,1,1,50.94234201413659,3,1,1,0,4,1,0
12.823679145838812,5,4,5,10.373267537394955,1,0,0,0,2,3,0
55.313743758438,4,3,1,75.87809208503012,4,1,0,0,8,1,0
24.605249021254856,5,4,1,155.15494658675834,2,1,0,0,6,2,0
21.38462696783084,2,2,2,139.27765547791014,4,1,0,0,1,1,0
2.701948017053601,3,1,4,58.18597236635927,3,1,0,0,7,1,0
7.745319194387208,1,2,2,79.79968019134273,2,0,0,0,1,2,0
12.310389909719929,4,1,4,131.08913528864346,1,1,1,0,3,2,0
22.784604482019223,3,3,2,120.3530615844241,4,0,0,1,5,2,0
18.882868131683463,3,5,3,17.1300334737073,3,1,1,1,2,3,1
7.795941078853046,5,2,4,144.20027892085625,3,0,0,1,9,2,0
14.211074158338684,4,2,2,70.34829667200688,3,1,0,1,3,1,1
59.64949728553066,5,1,4,14.51938081080003,1,1,0,0,7,3,0
33.330799782514674,5,1,2,44.77217664349665,4,1,0,0,4,3,0
15.781573157463413,5,5,4,76.16677965137659,3,0,1,1,8,2,1
5.5382424682859455,1,1,4,163.0435235626266,3,0,1,0,1,2,0
29.76079766315948,5,5,1,33.30163332015273,4,0,0,0,6,1,0
56.33307207863437,4,3,5,107.4876945452272,3,0,0,0,5,1,0
7.651989072637349,4,5,5,132.16704350539163,3,1,1,0,8,1,1
44.33416927696289,2,5,3,93.709085752126,4,0,0,0,6,1,0
28.61476934076173,4,1,1,40.89730110220594,4,1,1,1,9,2,0
43.68854346597047,5,4,5,106.73340403514884,4,0,1,0,1,2,0
17.397187511155526,1,1,3,177.8478650682053,1,0,1,0,8,1,0
49.26764525312597,4,5,5,191.139417319873,1,0,0,0,4,1,0
48.32593552524729,2,3,2,120.27094845751628,1,0,1,0,7,1,0
3.4475620063632677,4,1,4,148.83810507421902,3,1,0,0,7,3,0
14.897866245939673,2,4,1,69.89542849973179,2,1,0,0,8,3,0
29.749041391584505,3,4,2,179.1863922059993,1,1,1,0,2,1,0
9.228264318341497,2,4,5,94.30075920445586,4,0,0,0,3,3,0
48.04410474636323,1,3,5,145.90630080787284,1,1,0,0,2,1,0
29.077455237194847,1,3,4,149.27156967594365,3,1,1,1,4,3,1
52.06887782914677,1,1,4,196.4614879909696,3,0,1,1,2,1,0
41.80406928788184,1,1,3,151.41170305079248,1,0,0,1,1,2,0
17.705528542396085,5,1,5,171.52105919822188,4,0,0,0,7,2,0
47.8897555946486,1,4,1,15.99256701210104,4,1,0,1,6,2,0
26.30350713354973,1,2,1,67.68837957765587,2,1,0,1,3,1,0
46.28385647251803,2,1,3,117.68876200959916,4,1,0,1,5,3,1
4.8893989721825,4,4,2,179.04468463213442,1,1,0,1,5,1,0
33.41491345361922,4,5,1,164.38234696198506,3,1,0,0,3,1,1
57.09383832733932,5,3,5,135.6493959128814,3,1,0,0,8,2,0
56.218054253012696,3,5,4,168.2262955477346,4,0,0,1,2,1,0
12.297158139929609,5,3,3,57.46223500235655,4,0,0,0,2,3,0
41.99392767462301,4,4,2,144.3465061861136,4,1,0,0,3,3,0
46.68836472845209,3,2,4,146.1108145544668,4,0,0,0,2,3,0
48.66942298399077,3,4,2,94.62495634213045,4,1,0,0,6,2,0
35.67017698720009,5,2,2,172.31768274426017,2,0,0,0,9,1,0
0.6743346972195052,1,1,5,148.49501448676924,2,0,0,1,8,3,0
37.05073691866939,1,4,1,70.41172456818165,4,1,1,0,3,3,0
48.03267480811682,2,5,1,44.92944195611125,4,1,0,0,4,3,0
7.843587859291327,1,3,4,14.00564858901434,4,1,1,1,7,1,0
2.4618572190836785,1,4,5,177.26756568384457,4,0,1,0,9,3,0
8.102969190086826,1,2,4,158.68347022185887,3,1,0,0,8,3,0
52.317567218588906,5,5,5,112.4594737125367,2,0,1,0,9,2,0
51.88045723369178,4,3,5,110.46823367353603,4,1,0,1,5,3,0
49.870181022947136,2,5,2,84.76835014722208,4,0,0,0,8,1,0
10.822846793708674,4,1,4,81.31953942329845,2,1,0,1,1,2,1
16.26886944638269,5,2,5,98.60796083049556,1,0,0,1,2,2,0
38.836940876076994,1,5,1,56.79719535623386,4,1,0,0,6,3,0
16.538431960325404,5,3,5,41.63376284987213,3,0,0,1,7,2,0
6.627008112003924,2,1,5,93.68449205259266,4,0,0,0,8,2,0
52.88546792896031,1,5,4,16.221325887765083,3,1,0,0,2,1,0
39.97009356927334,3,5,5,136.09440257285723,3,0,0,0,9,1,0
30.15279748829514,3,2,1,37.662293891478015,3,0,1,1,3,2,0
51.75270965958824,4,2,2,156.57272629812334,2,0,0,1,3,3,0
19.628911504392917,2,5,1,59.45131945944581,2,1,0,0,8,2,0
2.9741280043373286,5,3,2,171.09547026445418,1,1,0,0,7,2,0
28.41809886310994,5,2,1,185.054820047765,4,1,0,0,4,2,0
19.59420907073004,4,1,4,80.84738711063952,1,1,0,1,5,2,0
56.447209596819285,4,3,3,160.979098005899,3,0,1,1,6,3,0
56.49940701027536,3,5,5,54.76234320873176,2,0,0,0,9,3,0
51.92140470927689,4,4,5,192.3752544354358,1,1,1,0,4,2,0
29.967504357311444,1,3,5,21.09743343146587,3,0,1,0,8,1,0
56.05495586248568,3,3,4,113.72728577465811,3,0,0,1,7,2,0
21.104130133671465,3,4,2,144.56806598252172,4,1,0,0,9,2,0
38.17701864704944,1,5,4,109.35700929919888,3,0,1,0,6,1,0
18.597088049187263,2,1,2,36.87637834290511,2,0,0,0,7,1,0
36.67054547250982,4,5,4,137.440806491426,3,1,1,0,8,3,1
9.352367378835345,1,1,1,96.50257449527564,4,1,0,1,2,1,0
4.939157764265881,5,4,4,54.49907538241679,4,0,0,0,4,1,0
35.76663915917112,2,4,5,136.45094571835654,3,1,1,0,6,1,0
20.01029978439221,4,3,3,123.76636048920506,4,0,0,1,6,3,0
9.304219705782948,3,3,5,193.4079693494093,3,0,0,0,1,2,0
4.016771160027406,1,5,5,45.28659891808041,1,1,0,1,8,2,0
28.24079239503461,3,4,3,77.00763039388782,1,0,0,0,6,2,0
7.345461975500658,1,1,5,46.92439381567322,3,0,0,1,8,2,0
31.16293629448801,1,5,4,93.71719522378608,3,1,0,0,2,1,0
5.834312367681365,3,3,2,54.31519254879403,2,1,0,1,8,3,0
59.205748234633,4,2,3,193.7564628834575,3,0,0,0,9,1,0
10.203074458687276,5,5,3,29.20643396757897,1,0,1,0,5,2,0
46.68516143138832,1,3,2,106.80482407459486,4,0,0,1,8,3,1
40.7198767974132,5,3,5,20.135182386247024,2,0,0,1,8,1,0
59.7438560983998,5,4,2,103.03251230199324,4,0,0,0,5,2,0
49.83720854783572,4,4,2,103.53580719837778,3,0,1,1,9,3,0
31.562839769941824,1,3,5,165.26821886282295,3,0,0,0,2,2,0
12.831294929213684,2,3,3,67.99235342188125,4,1,0,1,2,1,0
37.9588096743404,4,3,2,58.95670906331606,4,0,0,0,6,2,0
23.677844980040277,1,3,5,19.172642445384103,3,0,0,1,7,1,0
26.625160048234665,1,5,5,161.16528071415567,3,0,0,1,3,2,0
27.75634962783936,5,1,5,89.63506856013466,1,1,1,1,8,3,0
43.52392853444247,2,5,4,27.829142002481408,3,1,0,1,3,1,0
25.24392153168842,4,5,1,43.659470120920695,4,1,1,1,6,1,0
28.69925920579299,3,1,2,107.2241606835784,3,1,0,1,5,1,0
5.155574228242001,5,3,3,103.994845851186,3,0,0,1,1,1,0
56.252935424392966,4,3,2,32.249642008227724,4,0,0,0,2,1,0
2.569782992820071,3,4,1,121.46731412783028,1,1,0,1,3,2,0
4.284510288500556,4,1,1,168.7289377421239,4,0,1,1,7,1,1
56.57220739739039,5,5,1,178.08296444604133,4,1,0,1,8,1,0
3.1058381233698773,5,5,3,160.77189321161276,4,1,0,0,6,2,0
58.51345485964988,3,3,1,32.964529365382475,4,0,0,0,9,1,0
53.951306582926776,5,2,5,45.02297151439418,2,1,0,0,1,2,0
19.533146050369787,2,5,3,148.74364272844716,1,0,0,1,2,2,0
48.055300292699705,1,1,2,96.58580041397435,4,1,0,0,9,1,0
4.564990186106033,5,4,5,124.06108491087916,1,1,0,0,6,1,0
47.513441148109486,2,4,3,161.04491346608322,1,1,0,0,3,1,0
22.3137802236697,4,5,4,70.98893933504735,4,1,1,0,2,2,1
49.46384216132952,2,3,3,86.87444634249637,1,1,1,1,5,2,1
13.028538970949516,4,1,4,111.30103932810398,2,0,0,1,8,2,1
24.02855201066397,4,2,5,54.2515072034645,4,0,0,0,3,2,0
31.91789665995008,4,3,4,103.06734859412492,3,1,0,1,8,1,0
50.07847330716494,5,2,4,189.33737936924277,4,0,0,0,4,3,0
46.15261398227931,4,1,2,78.24127696874834,4,1,0,0,5,1,0
30.430459386044284,3,4,2,134.18519879028514,3,1,1,0,5,3,0
1.7730400102137134,2,4,1,51.8886090653284,3,0,0,1,9,3,0
5.441516163526341,2,1,3,35.00289610269914,4,1,0,1,5,3,0
16.31397711193921,2,1,1,48.90358226707831,4,1,0,1,2,3,0
6.657771391379339,2,2,4,176.5884627116285,4,1,0,1,7,2,0
30.120605239092924,4,2,3,28.238288875040297,1,1,0,1,6,3,0
42.66816253981653,5,5,3,196.52881811977335,2,1,0,1,9,1,0
28.226622754531952,4,5,2,97.29090533691924,1,0,0,1,1,3,1
59.70885938254508,5,4,3,122.09984858805404,3,1,0,0,3,1,0
40.75509813335114,3,1,1,125.17321260797728,1,1,0,0,1,2,0
14.857722498541078,5,5,1,21.16636767227813,3,1,0,0,7,3,0
44.62754248091085,1,5,5,175.31373927611426,2,1,1,1,4,2,1
24.698008540573174,4,1,2,87.46222001869855,1,0,0,1,1,1,0
58.4036426233862,4,3,3,129.12224055981193,3,1,0,1,1,1,0
0.0964663263862952,4,1,2,111.1392572667732,1,1,0,1,4,2,0
37.82000571825486,2,2,2,106.23404431167458,4,1,0,1,6,2,0
50.19907631453999,3,5,1,72.8645880332304,3,1,1,1,1,2,1
26.309563699846667,3,3,1,98.47489848118208,3,0,1,0,5,1,0
26.749630305799844,5,4,4,126.86671645088866,1,0,0,0,5,3,0
51.69310186654474,5,3,3,118.28308742553251,1,1,0,1,6,1,0
1.6627307649905698,3,4,4,87.93335229596616,3,0,1,0,4,2,0
7.118831156018352,1,1,3,77.7315183190307,3,0,0,0,6,1,0
55.75293602777088,4,5,2,66.04577457836871,3,0,0,0,6,1,0
16.353716952620417,1,1,3,137.89271815726852,2,1,0,0,2,1,0
12.444720719025636,2,3,1,108.71032736237072,3,0,1,0,6,2,0
36.28679867551307,2,4,2,115.78611616931111,3,1,0,1,7,1,0
59.17656991942608,4,3,2,110.75990004240232,1,0,0,1,8,3,0
0.0325068268651862,3,4,5,66.53658256378043,4,1,0,0,7,1,0
48.68262293174676,3,4,5,106.69377117040008,3,0,0,1,6,3,0
4.710545698906536,5,2,4,156.13080832081667,4,0,0,1,4,1,0
8.59046726178641,5,3,2,115.77318652533872,3,0,1,1,1,2,0
52.244510031400026,3,2,3,152.50187032746,1,0,0,1,5,1,0
46.522678984742114,2,3,4,54.602697052905306,4,1,0,1,8,1,0
34.80941943878539,5,5,2,12.377540373360835,3,0,0,0,2,3,0
10.915697104237031,3,5,2,41.39657990872268,3,1,0,1,6,2,0
4.906903312295084,2,1,2,169.6932943511229,2,1,0,0,7,3,0
48.40492032671912,3,5,1,96.35249578197858,3,1,0,1,3,1,0
6.9615734766237285,4,4,4,86.08839503145789,3,0,1,1,7,3,1
10.567379937320666,2,4,5,65.77120683160213,4,1,0,0,6,2,0
32.20296489346781,4,2,4,11.613486688905,4,1,1,0,7,2,0
34.620110650025,3,3,3,161.18060367418758,3,0,0,1,7,2,0
47.87174593045536,3,5,5,78.67617572202816,1,1,0,0,9,1,0
29.69109418155144,2,1,2,108.35474425587851,1,0,0,1,4,2,0
32.20803586178973,3,1,4,198.6054922005622,2,0,0,1,9,3,0
55.6601747736366,3,5,5,173.8723104623021,3,0,0,1,3,2,0
34.80458917481756,5,5,5,94.72613669834728,3,0,0,0,2,3,0
16.698340437865237,2,3,1,152.44996861780493,3,1,0,0,1,2,0
31.09656622786086,5,1,5,156.21083394580498,4,1,0,0,5,2,0
15.23986014663569,4,5,2,153.14847488737627,4,0,0,1,4,2,0
58.99201836255528,1,2,3,172.7751955413261,1,0,0,1,8,1,0
39.35692215833812,4,4,2,116.54774592372368,4,0,0,1,6,3,0
30.25877486579941,4,2,2,184.237036158592,3,1,0,1,4,1,0
13.85899722086208,5,4,2,61.75276854685941,3,1,0,1,4,3,1
25.232958605700254,4,5,2,91.07142380915398,3,1,0,0,8,1,0
57.73952771039057,2,2,5,74.36868391667524,2,0,0,0,1,2,0
25.145158919715914,1,3,2,115.2968060312857,3,1,0,1,2,2,0
14.406382360385958,5,3,2,131.64020888774843,3,0,1,0,6,3,0
40.3957831661206,3,4,1,198.88872483744456,4,1,1,0,7,2,0
59.7036193915641,3,4,1,91.61688453456838,1,0,0,1,3,3,0
35.75012693965368,5,4,1,169.87213987320945,4,0,1,1,7,2,0
44.6527849107915,4,3,3,130.03434628004422,4,0,0,1,9,3,0
46.92265792786026,3,1,1,76.57834259070319,2,1,0,1,7,2,0
0.5030394847421271,4,4,4,54.58192362213362,1,0,0,0,7,3,0
20.78246907239777,4,3,1,65.75345485089946,3,0,0,0,9,2,0
6.398380411365876,2,4,1,176.91873066127036,3,1,0,0,6,2,0
29.46409709536152,3,5,1,171.40968079304494,1,0,0,0,1,1,0
56.81307027542539,3,4,2,38.46698080478869,2,0,1,0,9,1,0
55.88085087381091,4,3,1,85.91544204393259,3,0,0,1,5,1,0
55.52799800222129,5,4,1,119.67561899240032,3,1,1,0,9,3,0
10.693757610597352,4,3,1,132.07414734548942,4,0,0,0,3,1,0
3.806570128966358,1,2,2,39.735443630109735,3,1,0,0,7,2,0
12.830513160036856,3,1,4,81.98335000784625,4,1,1,0,4,1,0
0.1627715578824262,3,2,2,92.78309015073508,1,0,0,1,2,1,0
50.90546701385622,2,5,4,51.1180024379907,2,1,1,1,7,2,1
57.51177465936132,3,1,4,59.5430368167299,1,1,0,0,5,2,0
11.645289297717218,1,4,2,153.9636998994551,3,1,0,0,3,3,1
35.414863500313096,5,2,2,191.7069482803628,1,0,0,1,7,1,0
1.8755520731274933,2,2,1,49.04539573775842,1,1,0,1,5,2,0
45.65139842130393,4,1,1,119.94013234211236,2,0,1,0,3,2,0
55.1995000056825,5,3,4,138.85239425981095,2,0,0,1,7,1,0
51.25472024697496,3,3,4,80.42166574159984,3,0,1,0,4,2,0
50.49770273665936,2,4,3,49.91081232957677,1,0,0,1,7,2,0
52.60490751308457,2,4,3,70.30073095422229,4,0,0,1,8,3,0
45.99820974515496,5,5,5,81.46162191899573,3,0,0,1,5,2,0
54.612687589025455,2,2,1,85.06737273074744,1,0,1,0,2,3,0
11.2504753964823,2,2,2,63.30480129880968,3,1,0,0,8,2,0
15.259193610653067,3,3,4,88.0392886424122,3,0,0,0,5,3,0
40.70981044050509,3,3,5,29.45864670639577,1,0,0,1,6,2,0
6.701591335126727,3,5,1,75.41977249581429,3,1,0,0,2,3,0
11.55978294305806,5,2,1,61.05023120176869,4,1,0,1,2,2,1
48.54777547745388,2,3,1,113.55953959997744,4,1,0,1,3,1,0
37.28711078236816,5,4,3,169.68194702010257,3,1,1,0,3,1,1
55.700436575943,3,5,1,101.31205300968622,3,0,0,1,9,2,0
59.959109959164046,1,4,4,86.14688538013783,4,0,1,0,7,1,0
15.49278600639335,5,1,4,98.53907642583064,4,0,0,0,5,3,0
47.2977797640001,4,2,5,159.15599401116086,3,0,0,0,3,1,1
26.74111513983059,1,4,3,11.718333493142495,1,0,0,1,5,2,0
20.670134181945617,5,4,5,166.92260747400317,3,0,0,0,5,2,0
23.548214495866688,5,1,4,69.55224223603513,3,0,0,0,6,3,0
18.42420447826515,5,1,1,133.45965547756077,4,1,1,0,1,2,0
50.842745265818245,2,4,1,115.34299221949531,3,1,0,1,4,1,0
15.32830136982252,5,1,4,79.34317286656453,1,0,0,1,1,1,0
10.673325995643538,1,1,5,33.764266644545344,4,1,1,1,3,2,0
54.10088729398429,3,2,5,99.82419512699364,3,0,0,1,3,1,0
27.565439032002708,3,3,1,32.24633612163974,4,1,0,0,4,3,0
50.7946998477152,1,5,2,62.1203177288305,4,1,1,1,4,1,0
21.40240105646398,1,5,5,53.462774674456256,4,0,0,1,1,2,0
54.10296267833252,1,3,3,159.32115303664062,1,1,0,0,3,2,0
46.167339537143214,2,4,3,10.96138508479119,4,1,0,0,1,1,0
24.85186704250452,5,1,3,157.19163953448464,3,0,0,0,5,1,0
43.0460187218084,2,5,3,155.9310526627238,3,1,0,0,2,3,0
44.73677334079932,2,2,1,76.38581439029423,4,0,0,1,1,1,0
50.24550643189125,3,1,2,126.3816371955224,4,1,0,0,9,2,0
22.528492453967345,2,1,5,102.2686783748412,3,0,1,0,6,1,0
17.13696126163647,4,1,2,65.08924962918799,4,1,0,0,4,3,0
39.25105416783829,3,4,5,112.86492045345568,1,1,0,0,8,3,0
21.699150607955147,5,3,1,64.84146878735265,4,0,0,1,4,1,0
49.89403912342398,1,5,3,36.0168324811074,3,0,1,1,9,1,0
31.432155526206515,4,4,3,97.05566399093466,1,1,1,1,9,1,1
44.58694962621099,1,4,3,133.33449889834787,3,0,0,1,8,3,0
53.07767957909005,1,3,2,179.22671097370798,3,1,1,0,4,1,0
10.507310427403198,5,3,5,139.79824038243697,1,1,1,0,5,1,0
37.78904074149977,2,3,5,148.0846271884079,4,1,0,0,1,1,0
33.857176718030686,3,2,1,170.9255873391458,3,1,0,1,3,3,0
31.583121037893918,3,1,3,12.408315081774145,2,0,0,0,1,2,0
17.525024114690993,3,2,3,105.3237203428924,1,0,1,1,5,1,1
7.106446144683574,2,2,5,112.2640430339068,2,1,0,0,9,2,0
43.35451573768649,5,5,1,60.4588578361377,3,0,0,1,4,2,1
15.458141450336988,2,2,3,109.22594621017964,4,1,0,0,3,1,0
21.8881690602413,4,4,2,10.98233285577586,3,1,1,0,3,3,0
4.410357104436935,3,2,3,101.38605660593716,1,0,0,1,8,3,0
9.87149697609652,1,1,3,14.67769736278374,3,0,0,0,5,3,0
48.38887363368436,1,2,4,170.14540938305623,4,0,1,0,1,1,0
31.842122444036917,3,5,1,114.73082261873566,4,0,0,0,6,2,0
20.628588930701145,1,2,5,30.50064905760664,1,0,0,0,2,2,0
36.53571812743533,1,3,4,64.05444974289159,4,1,0,1,7,1,0
42.27810518380429,2,3,5,102.63996746740672,1,0,0,0,5,1,0
49.70488325619367,4,4,2,14.038915052613312,3,1,0,0,7,2,0
49.39164665566668,5,2,1,169.0919356280294,4,1,0,0,1,3,0
44.91003063877648,4,2,3,111.82092400856784,3,0,0,0,2,2,0
53.03655060641394,2,3,5,49.35864213972109,3,1,0,1,1,2,0
13.869249608264116,5,4,3,168.76792613447665,2,1,1,0,6,3,0
27.39467070805744,2,5,2,62.20909375983378,1,0,0,0,3,2,0
50.71909354768908,1,4,4,126.83878071715262,1,0,1,0,5,1,0
9.256491875117415,3,4,3,100.67484317094996,3,1,0,0,9,1,0
44.52433976663307,1,5,5,114.66964654086595,4,0,0,1,6,2,0
21.71101441381181,2,2,4,140.16681550400773,2,0,1,1,7,2,0
52.30079705138928,4,1,2,99.86377756304724,1,0,1,0,7,2,0
10.183711939248226,5,3,1,76.92388842099817,4,1,1,0,3,2,0
28.715880744343604,5,1,2,86.91524822250784,3,1,0,1,2,3,0
45.055052542127015,1,5,3,131.15537507260188,3,1,0,0,6,3,0
9.48460968718372,1,4,1,44.02953298868138,3,0,0,1,4,1,0
49.957270396345365,3,3,3,15.773962885477022,3,1,0,1,7,2,0
15.974871204161818,1,5,1,35.10636593054672,3,0,1,1,7,1,0
30.24483114437787,1,2,4,89.56915261993969,1,0,0,0,4,3,0
59.19240224689106,3,4,3,102.79698832119564,3,0,0,0,6,3,0
17.153684921199034,2,3,5,25.099957374675988,1,1,0,1,6,2,0
26.046414154566776,3,3,2,63.46136075208707,3,1,0,0,1,3,0
25.75292169280201,2,4,4,72.20481494271507,3,1,0,0,4,1,1
48.36955559792772,2,4,5,143.88275467024627,3,1,0,1,3,3,1
4.718618032851769,2,1,5,61.00825865220995,4,1,0,1,1,3,0
49.36159722264002,1,4,5,31.52009569903845,3,0,1,1,5,3,0
15.709179744904848,4,3,3,120.64087340665436,1,1,0,0,7,3,0
46.91778463630005,2,4,4,109.80997679318747,3,1,0,1,7,2,1
17.370943606123678,3,1,5,44.2846749730043,4,1,1,1,4,3,0
58.08679196468722,5,4,2,118.87564632795625,3,1,1,1,2,3,1
22.64363767161351,4,1,2,142.71068196753276,1,1,1,0,9,3,0
22.18299767552825,4,5,3,86.67961392905637,3,0,0,1,4,1,1
12.067054979962306,2,4,5,106.48037379692173,4,0,0,1,8,3,0
40.39886746627511,2,5,2,76.10488408036647,1,1,0,1,6,3,0
37.7061976298234,4,3,3,74.71047144069168,2,1,0,1,2,3,0
2.673545138633533,5,2,4,90.96795774669148,3,1,0,0,7,3,0
33.25363210973196,5,4,3,44.51964283363695,1,0,1,0,2,2,0
30.458217442207804,2,3,2,123.21469439470096,2,1,1,0,9,2,0
25.920611732818163,1,4,2,80.6129610863167,4,0,1,1,1,3,0
50.61513285672215,1,3,4,81.72279174311771,4,1,1,1,6,1,0
19.63503246971268,3,2,3,101.80423858473684,4,1,0,0,4,3,0
40.04128854732074,3,5,1,52.20963087162136,1,1,0,0,8,3,0
6.407932128775453,3,4,3,134.2541013817185,1,1,1,0,9,1,0
20.78823159154013,1,1,1,195.78371542453627,3,0,0,1,7,3,0
17.353504226697975,1,5,2,23.765211266737783,3,0,0,0,3,3,0
41.481402199584295,1,3,3,152.85554113796354,3,0,0,0,7,1,0
33.47260399606444,2,1,1,156.86960403596163,4,1,0,1,8,3,0
58.77803832900975,4,4,3,98.34962582852648,3,1,0,0,2,2,0
26.54274457938737,5,5,3,95.36953646001818,4,0,0,0,8,2,0
24.06071248363485,5,5,1,82.68534866940796,4,0,1,0,2,2,0
49.75238350759482,5,5,5,89.07257720783619,3,1,1,1,3,3,1
37.86395214445989,5,2,2,190.99191078029605,3,0,0,0,4,2,0
10.750463328890682,4,4,4,87.48813881246244,3,0,1,0,1,2,1
4.816430599924306,4,3,1,21.78262399396446,3,1,0,0,1,2,0
22.56256508955892,2,3,2,25.00613628506278,1,1,1,1,3,3,0
6.168722560922801,5,2,2,199.9735265228343,3,1,0,0,3,2,1
26.4365926763152,5,2,1,165.55319942748747,3,0,1,0,4,3,0
51.51607010754032,1,2,5,197.52039216896063,3,1,0,0,7,2,0
56.319628487565474,4,3,4,166.93114393903252,4,0,0,0,8,3,0
6.689395279987678,4,1,3,62.21485524629493,4,1,0,1,7,3,0
51.11875481207365,4,3,5,106.79777481950956,3,1,0,1,9,3,0
57.318244049080064,4,1,3,136.37568242318196,1,0,0,1,8,1,0
4.40879078042816,4,1,5,37.29416539139048,3,0,0,0,3,2,0
20.708185531036285,1,1,1,184.39402633563884,4,0,0,1,1,2,0
21.246883321995085,5,3,2,153.40154014573056,1,0,0,0,3,2,0
8.670381919938613,4,4,4,93.24411341726828,3,1,1,1,9,2,1
42.90587508712201,5,1,2,154.4626494649179,3,1,0,1,8,2,0
21.46773506079557,5,4,3,42.976948438931935,4,0,1,0,4,3,0
9.927728913655807,1,1,2,61.78637701397768,4,0,1,0,9,3,0
15.811120196485447,4,5,5,16.076617619576073,1,1,0,0,2,3,0
52.80352782376378,5,1,5,11.44708010049708,1,1,1,0,4,3,0
8.717859710892169,2,3,5,119.83728600160492,3,0,1,0,1,1,0
45.12460561129807,5,3,5,72.33102213354323,1,1,0,0,1,2,0
27.98846858427944,4,3,2,112.39561509226291,3,1,0,0,1,3,0
14.711646700285002,2,5,4,68.14488394108396,1,1,0,0,7,3,1
52.94951358895401,1,1,3,24.73948788432129,4,0,0,1,3,1,0
11.8628119046728,2,1,1,199.7501521759893,4,0,1,1,9,1,0
45.404303352294654,5,1,4,134.6425405820031,1,0,0,0,4,3,0
56.79256717402637,2,1,2,122.36982556072068,3,0,0,1,6,2,0
38.7787977637783,4,4,3,97.49051788395631,1,0,0,1,6,2,0
54.57348704027227,1,5,2,98.29820750908524,3,1,0,0,7,1,0
22.211176046833355,3,5,5,79.27245379580343,1,0,0,1,2,3,0
0.7490891523254795,1,1,2,80.80880669366418,1,1,1,0,3,1,1
8.914508225699729,5,3,4,159.6555008329881,4,1,0,0,6,2,0
45.49828656214398,5,4,4,131.66634048862474,1,1,0,0,9,3,0
49.68000905875122,4,5,3,40.18669775135804,4,0,0,0,5,3,0
21.793923509627355,5,4,3,150.47457617410856,1,1,0,1,4,1,0
59.48946845343411,3,1,4,195.74497066492685,3,1,0,0,7,2,0
35.149137044594696,3,5,4,180.89909370536955,4,1,0,1,9,2,0
46.09175074628937,1,5,2,177.6250712885947,3,0,1,0,1,1,0
33.84525615813311,3,1,2,153.66705091450518,3,0,0,0,4,3,0
21.701727256385,1,5,3,186.9769765554202,3,1,0,0,8,2,0
16.6324537070211,4,5,5,169.6905015151832,3,1,0,1,4,1,1
3.2903945278918467,5,5,5,134.48572670074668,4,0,0,1,4,2,1
13.532128246541042,4,3,3,39.794432210860165,1,0,0,0,5,2,0
40.71386771773462,3,4,2,84.15672885385442,3,0,0,0,5,1,0
31.670625003960943,1,2,5,181.98862242701608,4,1,0,1,6,1,0
18.194577968252855,3,3,2,95.51043192932784,3,0,0,0,7,1,0
1.945448695746164,4,2,1,130.45904008490663,3,1,0,0,6,3,0
14.206976990754884,2,4,4,186.80800253074213,4,0,0,0,7,3,0
59.7415927527615,4,1,3,82.28712683122994,1,0,0,0,1,1,0
52.29461351613151,2,2,4,27.39614081976768,1,0,1,0,9,2,0
14.581919151648313,5,4,5,32.947084905973526,2,0,0,0,5,1,0
14.5492432854272,3,3,4,59.043427015500285,1,1,0,0,3,2,0
49.34783381255969,4,2,1,162.97029138365892,2,0,0,0,8,1,0
50.05664421360049,4,3,4,45.28098822902558,1,0,0,0,2,2,0
13.235464010279074,5,4,2,71.49787324442329,3,1,0,1,9,1,0
6.089911053138726,2,4,4,162.3817319142283,2,1,0,0,6,2,0
45.01169067424813,5,1,1,145.0080842308975,1,0,0,0,8,3,0
47.94503979147573,5,1,5,160.89561479129142,2,1,0,1,2,3,1
48.01534347394055,2,3,3,86.70116107631091,2,0,0,1,2,1,0
36.19978464010737,4,3,2,100.85408378218844,3,0,0,1,2,2,0
28.813088586977496,3,5,2,75.62872208608965,4,1,0,1,3,3,0
22.48580328008726,1,1,1,187.99589129527632,4,1,0,0,6,1,0
48.25950991118505,1,1,2,186.0119951130392,3,1,1,0,6,2,0
34.95196555399496,4,4,5,182.8868550655825,2,0,0,0,8,1,0
17.85820676286213,2,4,3,11.004799437895954,4,1,0,0,9,1,0
20.6229730357046,5,5,4,120.99467419360212,3,1,0,0,2,3,0
41.381354231307775,5,4,3,77.56041764332022,1,1,0,0,7,3,0
0.2150258219550838,5,1,2,84.77909779173542,3,1,0,0,9,2,0
4.811657511133037,1,5,4,118.07726945372674,3,1,0,0,5,1,0
32.84283636908177,5,5,1,169.79980748113164,3,1,0,1,8,2,1
43.67959338064105,3,4,3,162.82966479251388,2,0,0,1,6,1,0
7.180355695929272,5,5,5,189.23895697660265,3,0,1,0,6,3,1
21.11169113913309,2,3,4,10.306126713600484,2,0,0,0,1,1,0
9.708082083897764,3,5,1,164.95746658073307,3,0,0,1,8,1,0
15.0123019437855,5,2,2,142.39635621914798,3,0,0,0,9,1,0
9.568050122638038,5,3,3,121.97615817516036,2,1,1,1,8,1,1
11.165435196594691,3,1,1,24.33004985650457,1,0,1,0,7,2,0
14.722728334475688,5,5,4,152.1367953967516,3,1,0,1,4,2,1
45.74091051544299,1,2,5,176.50776771022967,1,0,0,0,4,3,0
6.669285171474613,4,3,2,156.32857245809467,4,0,0,0,2,3,0
31.57026939907849,1,5,3,165.16616183385608,1,0,1,0,5,3,0
19.83409397410555,2,1,5,77.52249628119871,3,1,0,1,1,2,1
35.18154447262735,2,4,1,20.91949776359681,4,1,0,0,4,1,0
25.854135222021355,2,3,4,157.35696299965974,1,0,0,1,5,1,0
23.25326818009944,4,3,5,143.43494232943772,4,1,0,1,1,2,1
26.317699837308595,5,5,3,55.0410075383824,2,1,0,0,7,3,0
34.21781117099494,3,1,2,81.06013478132715,2,0,0,0,8,3,0
8.998183785935797,2,5,3,185.97282158434064,3,0,0,0,9,2,0
10.95986923034247,2,4,1,121.36654042836255,3,1,0,0,6,2,1
44.242570683151385,4,2,3,118.00733321516137,4,1,1,1,3,3,0
35.94481408854155,4,3,5,155.89153940721286,4,1,0,1,6,2,0
56.905042702480216,3,2,5,185.28901044774884,3,1,1,1,7,1,0
46.85114685599076,5,3,3,99.96576649996032,4,1,0,0,2,3,0
20.454879123220906,5,1,1,36.778500248831136,3,1,0,1,8,1,0
44.58358808030987,3,3,3,23.4245864719482,4,0,0,0,1,1,0
30.705601810821538,5,1,2,12.879643783948431,1,0,0,1,7,3,0
23.512129120837496,1,3,4,53.39787916146903,3,0,0,1,3,3,0
22.01369665656721,3,5,4,79.74289499864963,1,1,0,0,4,2,0
23.01095568669073,2,3,3,88.80283941411918,3,1,0,0,7,3,0
26.772777171399618,3,3,1,92.162034925217,3,0,0,0,1,2,0
53.39879420936182,5,2,1,68.50655816432237,3,0,0,0,9,2,0
25.240344312380223,4,3,5,99.32005905667324,4,0,1,0,4,1,0
27.36207071420367,1,5,3,35.922393627859904,3,0,0,0,8,1,0
52.86161328400953,1,5,2,114.04962173812086,4,1,0,0,1,1,0
3.717592130510321,4,2,5,149.79827689026806,3,0,0,0,4,2,0
41.81774182164809,4,1,1,111.4382418855527,3,1,1,1,3,1,0
42.3568964456351,2,2,2,111.51378428316372,3,1,0,0,4,3,0
15.313884431881403,3,2,5,69.4717980138488,4,0,0,0,7,1,0
27.334176659677517,2,3,1,57.57687035443038,3,1,1,1,2,2,1
41.33325707955324,5,1,5,145.13634222587743,3,1,0,0,9,3,0
39.57717401446178,2,4,2,55.49285336468879,3,0,0,0,2,1,0
44.57314397624751,1,3,5,185.5522469656781,3,0,0,0,4,1,0
54.843938689802975,1,2,4,143.15259488617747,3,1,0,1,5,1,0
56.40331922267781,1,1,5,144.71107634016482,3,1,0,0,6,2,0
19.4031833755368,3,1,1,112.72594900341916,1,1,1,1,2,3,0
48.41987348775104,3,1,3,30.51099754154839,3,1,0,1,1,1,0
46.76450187718029,3,3,2,59.54093140453144,3,0,1,0,2,2,0
43.98015816351816,4,4,5,83.90543889201125,4,0,1,0,2,3,0
35.89832121764842,5,5,1,136.8787532095253,1,1,1,1,2,1,1
58.5511291577724,1,1,2,78.42907421636022,3,1,0,1,5,3,0
43.30699210225019,4,1,5,172.8190355678489,3,0,0,0,6,3,0
8.83355005264687,4,2,4,104.1947909021734,4,0,1,0,8,2,0
3.67171449911305,1,4,1,112.73916628279014,2,1,1,1,9,2,0
17.760786799859048,3,2,5,35.66228094114958,4,0,0,0,9,2,0
27.454290303016037,1,5,3,55.81770275766514,4,0,0,0,6,1,0
20.80816371243114,1,3,2,43.59361563983016,4,0,1,0,5,3,0
37.92817944655497,2,3,1,193.1186807511954,3,0,1,1,4,3,0
59.120390327182136,1,1,5,64.55648846732787,4,0,1,0,6,1,0
49.40506212172756,2,4,3,162.25550865054805,3,0,1,1,1,2,0
53.472289479458745,2,5,2,83.86453294725077,2,1,0,1,3,1,0
10.0793725887765,3,5,5,86.66911904488802,3,1,1,1,4,1,1
52.84969559964221,1,1,2,39.17708591626878,4,0,0,1,1,3,0
8.054985061960807,4,4,2,115.9468696541604,4,0,0,1,9,1,0
15.577277633501811,5,5,1,112.1108033539408,3,0,0,0,4,3,1
6.357974098708167,3,2,3,150.64589337455803,4,1,0,0,6,1,0
24.25770454942905,2,1,1,124.22389058457571,2,0,0,1,7,2,0
52.39029178657072,4,4,5,95.54284391700442,1,0,0,0,2,3,0
17.988337083444627,4,1,1,35.05018975807694,3,1,1,0,8,1,0
52.34429971197987,5,1,1,69.88860000504101,3,0,0,1,2,1,0
38.392534025347615,2,4,1,126.49396632377606,4,1,0,1,9,1,0
0.6507438207079685,1,4,5,117.55099020731994,2,1,0,1,9,1,0
33.61245850693695,5,3,4,144.99399837443818,4,1,0,0,8,2,0
49.57074116139822,4,4,3,162.5509015372461,1,1,0,0,7,1,0
27.8272868886441,1,3,2,19.81615312642437,2,0,0,1,6,2,0
52.95483333701493,4,2,2,184.25312646011184,3,1,1,1,7,3,0
0.0396432409164937,2,2,2,101.25643115538126,3,1,0,0,8,2,0
24.074857619530405,5,1,5,12.690320879002233,1,0,1,0,6,3,0
54.98035976202432,3,4,1,134.605580787091,3,1,0,0,7,3,0
0.6740306695882547,1,2,3,46.10172985478595,2,0,0,0,4,1,0
15.609551233784272,5,5,1,94.85065795424684,3,1,1,1,9,1,1
11.08474823230348,4,3,1,127.6622452129304,4,0,0,1,7,1,0
57.06419914072057,5,5,5,16.312772162081274,3,0,0,0,1,2,0
15.969415575410856,5,5,1,36.06496072652882,3,1,1,0,3,2,1
6.811708129514522,3,1,4,108.52754527411372,4,1,0,1,4,1,0
59.510085298230685,5,4,1,199.92421535857147,1,0,0,1,1,3,0
56.01931507814416,3,4,1,149.77980520014407,3,0,1,1,5,2,0
44.64381512794584,3,2,2,13.016722317988217,1,0,0,1,8,2,0
37.05906687327079,5,2,1,29.75136991166903,3,1,0,1,3,1,0
55.7901751918313,4,4,5,101.21551005768644,4,0,0,1,2,3,0
49.429604235919015,4,3,4,175.03210146489857,3,1,0,0,2,3,0
5.558672208757924,5,3,5,49.22026882173958,3,0,0,0,9,3,0
48.82303356093636,3,1,2,109.89726803693182,3,1,0,0,1,3,0
7.927917127986914,5,4,1,120.23670672362614,3,0,0,0,6,2,0
39.00788541146614,1,4,1,153.20785721736237,2,0,0,1,9,1,0
37.562005148361976,2,1,1,177.499948130957,1,0,1,1,9,2,0
0.2676916880271918,1,1,2,74.7929028841897,3,1,1,1,3,3,1
31.78807080449472,2,2,1,20.597347215301376,4,1,0,0,2,3,0
12.017257260242758,2,2,1,68.24287093843998,1,1,1,1,7,1,0
31.94297984519905,1,5,5,55.21892068407573,3,1,1,1,6,1,1
41.56426444841179,1,1,4,49.6650013896784,4,0,0,0,5,1,0
25.63840847158437,1,1,1,119.03046330398035,1,0,0,0,5,3,0
27.72980324065683,2,5,5,40.40292518920904,1,0,0,0,7,3,0
9.53000683962475,4,3,5,83.91820016446793,3,0,0,0,3,1,0
34.174403324506194,2,1,3,87.31544034728134,4,0,0,1,7,2,0
14.632801903774396,2,3,3,56.67619402736902,3,1,1,1,8,3,0
20.056381531633008,1,3,3,81.76408433927404,2,0,0,0,4,2,0
35.86462816639466,2,4,2,60.44443664401869,3,1,1,1,7,2,0
47.13593262953098,1,3,5,66.5752841758503,2,1,0,0,4,3,0
45.46389200875988,3,1,1,190.46839870374612,3,0,1,0,6,3,0
43.328558132386746,4,1,4,154.49979122887007,4,1,1,1,1,1,1
30.911059865651577,4,2,4,128.69675764263124,2,0,1,0,8,1,0
19.393733489378004,4,2,3,36.11396242266121,3,1,0,1,8,1,0
43.19960750266653,5,2,4,194.8845103751251,3,1,1,1,9,3,1
26.283935558572807,1,4,3,118.15829564805296,4,0,0,0,1,2,0
35.89625746529664,5,3,2,57.20093873130391,1,1,1,0,8,1,0
44.35447262722069,3,3,2,148.0961552646249,2,1,1,1,9,2,0
39.97128011403887,1,4,5,65.64814341173147,3,1,0,0,3,1,1
23.051373964925585,4,3,2,110.14738808998628,4,1,0,1,9,1,0
35.86612096997226,4,3,1,146.17799976489732,4,0,0,1,8,1,0
21.15747449312664,5,3,1,53.322524736761096,3,0,1,0,6,1,0
39.24312122680036,5,4,1,181.83020709907927,4,0,1,0,9,2,0
22.71246993846369,5,2,5,11.001213434477258,3,0,0,0,1,1,0
17.25783469593967,2,2,5,82.26121556349031,2,1,1,1,7,3,0
56.65084476462496,4,4,3,148.13437662594933,1,0,1,1,3,1,0
42.00528823454172,1,2,2,144.4566677704111,1,0,0,0,3,2,0
19.32601297745988,5,2,2,31.42432725046808,3,0,0,0,5,2,0
4.311842770029102,5,3,3,149.34515369349666,3,0,0,1,6,1,0
28.26745596902168,3,3,1,99.50965851472,2,0,0,1,2,2,0
4.83792398174387,1,2,2,131.66967024590775,3,1,0,1,9,3,0
54.15838010267839,3,1,4,47.189129602666746,3,0,0,1,7,3,1
22.345125580758967,4,2,3,109.34987471693049,3,0,0,1,4,1,0
27.341678618937294,3,1,3,143.77762376310963,4,1,1,0,2,1,0
3.682724780998079,1,2,5,187.64583251054344,1,1,0,1,4,2,0
22.52611768511208,5,1,4,123.9753334799954,3,1,1,0,7,3,0
57.60193300637651,2,1,2,161.3607093012393,1,1,0,0,1,2,0
26.843382139033192,2,5,4,190.80678177280615,3,0,0,0,4,3,0
34.121087135403826,5,4,3,168.97827497722193,2,1,0,1,5,2,0
45.08185905563976,1,5,1,165.71957046805645,2,1,0,0,6,3,0
10.885754686122148,1,4,2,61.05553544335234,1,1,0,0,5,1,1
48.96997119626625,5,2,5,162.46693512750406,3,1,0,0,4,2,0
28.75139243330985,2,1,1,17.579144995389683,3,0,1,1,7,2,0
31.555532962067726,2,5,5,148.7364950664031,1,0,0,0,2,3,0
8.398428906414313,3,5,5,82.7057917851036,4,1,0,0,7,2,0
53.54136844014923,2,4,5,52.8165464223081,3,1,1,0,6,3,0
36.68812745686529,5,4,3,86.14960274865908,4,1,0,0,2,3,0
49.90272534706392,1,3,3,41.32167147349398,4,1,0,0,7,1,0
17.195111134940774,3,1,1,92.85100276828096,4,1,0,0,6,1,0
32.00725420033173,1,3,5,124.1532335369126,4,1,0,0,3,2,0
7.523507337301534,5,3,3,81.83408644965644,1,0,0,1,9,3,0
56.15890278298813,1,4,2,63.04416867560752,3,0,0,0,2,3,0
30.649036730269717,4,3,4,167.34391002167646,1,0,0,1,9,2,0
38.49156130144331,2,1,5,90.3530874756894,3,0,1,1,8,1,0
2.381627888336728,2,5,2,104.92829757860122,4,0,0,1,2,1,0
8.019213181970159,3,1,3,150.02543738745138,4,0,1,0,9,3,0
15.94594752425378,4,2,1,110.43776733822972,1,0,0,1,6,3,0
32.96491819382168,4,5,1,178.15067546094747,2,0,1,1,8,3,0
38.74176974145607,1,4,4,92.4353614843432,1,0,0,0,5,1,0
19.44417985162461,3,4,2,153.468922576381,2,0,0,0,3,3,0
29.873383719318333,1,4,3,197.35285252487648,3,0,0,0,3,3,0
5.320459848089174,2,4,1,10.787861744745532,4,0,1,1,4,2,0
54.58245060696932,4,4,5,16.476402244841317,4,0,1,0,6,1,0
9.9288248670215,5,3,3,118.4204215021766,3,0,0,0,5,3,0
27.36491105401772,5,3,4,77.63530495095844,1,1,0,0,6,1,0
11.485681318199838,5,2,2,76.88145668776723,4,1,1,1,2,3,1
40.32454660091075,2,1,1,19.838833370747583,4,0,1,0,2,2,0
9.960165845150676,5,5,4,32.10684784401119,3,1,0,1,9,1,0
45.2314058824096,3,2,1,82.82803303792087,1,1,1,1,2,3,0
19.815008773740804,3,2,1,123.75577233883205,4,0,0,1,3,2,0
25.88195059962413,5,5,4,160.0137441295166,1,0,0,0,4,2,0
43.57298839236325,1,4,5,167.78174060666433,3,1,0,1,5,3,0
44.77127297714085,5,2,1,140.70717633381668,4,0,0,0,8,1,0
33.46633374982584,3,3,1,31.715462689040127,1,0,0,0,2,3,0
2.541497539615214,1,2,4,152.77420124096685,3,1,1,1,6,2,1
26.868774547174155,2,2,1,183.2444705191483,4,0,0,1,2,1,0
24.2654783646157,3,5,4,154.50568630010832,4,0,0,1,4,3,0
1.4284820555864175,4,3,3,114.08880407573844,3,0,1,0,4,2,0
4.66146300495746,2,1,3,109.40101691727143,4,0,0,0,6,1,0
30.412095211074018,5,4,2,137.18851104713676,3,1,0,1,7,3,1
1.7609426572039943,1,3,2,192.27871231785767,4,0,0,1,6,1,0
44.84386248006663,1,1,1,161.58195312492498,1,1,0,0,9,1,0
58.67518789673542,1,5,5,116.04040139701324,2,0,0,0,1,3,0
8.730503549284801,4,1,1,47.13551689613215,3,1,0,1,4,1,0
8.534198911256272,1,5,5,82.56382265308878,2,0,0,1,6,2,0
8.847471839238105,2,1,1,33.6780720777308,3,1,1,1,2,3,1
34.66925592957367,2,4,1,119.54596017100523,3,0,0,0,5,3,0
1.2390449493846245,1,2,4,139.334276188942,4,0,0,1,2,1,0
44.64602089311055,1,5,5,27.52231345814948,3,0,1,1,7,3,0
2.310168906525132,3,4,3,96.8546919842176,3,1,0,0,5,1,1
18.480202703142407,3,5,5,127.20117258067322,3,1,1,0,9,2,1
20.004069941446744,5,5,1,120.15876139173004,3,1,1,0,8,2,1
17.34865618342172,2,5,3,148.6314371711035,2,1,1,0,4,2,1
35.601365675621686,2,5,3,192.01887680254208,4,0,0,0,2,3,0
37.43366750044393,1,4,3,199.15108386681337,4,1,0,0,7,1,0
7.013674283526861,4,5,5,48.75260811690517,4,0,1,0,1,2,0
34.96456622963807,1,1,5,64.96301667694021,4,1,0,1,3,2,0
40.70653053030596,4,4,1,36.76768544980207,3,1,1,0,4,3,1
28.21399203256538,4,4,2,100.07811967144862,4,1,1,0,4,1,1
50.33296153464891,1,3,3,48.516511743466985,4,0,0,0,9,2,0
54.92951892489184,4,5,2,78.56671422359226,3,1,1,1,3,1,1
34.665391271315336,5,2,4,97.69569406882944,4,0,0,1,7,2,0
44.383852350399565,3,2,4,72.40270391378934,3,0,0,1,7,1,0
29.851526422155345,5,4,4,29.11009392945511,3,1,0,1,5,1,1
48.0509590567146,3,3,2,25.04939334847916,1,0,1,1,2,1,0
10.882510633252776,1,5,5,103.34738992325772,3,1,1,1,7,1,1
7.552992639069949,4,5,1,43.5085077285372,1,0,0,0,1,2,0
22.77660595408604,3,4,2,152.58192308353804,1,0,0,1,9,3,0
47.58910845730353,2,1,4,178.58696459159393,1,1,0,0,1,1,0
41.69616397041196,1,2,3,73.1242737345211,1,0,1,1,6,1,0
36.27351364352775,4,2,2,110.45018335617762,4,1,0,0,6,3,0
11.67745929361091,1,5,3,53.30349882133184,3,0,0,0,3,3,0
53.09621353085749,1,4,1,157.79498012102556,3,0,0,0,6,1,0
4.228618028577989,1,5,3,162.95492877688537,3,1,1,0,8,3,1
31.87568595020769,2,2,3,21.851667080957405,1,0,1,1,6,3,0
29.83406654288156,5,3,3,38.01218870099531,3,1,0,0,8,3,0
46.83190414017934,2,1,4,84.10893222747531,4,1,1,0,9,2,0
34.01814136272406,4,1,4,122.0302340504835,4,1,1,0,3,2,0
15.644211920318275,4,1,1,180.63215151306244,3,0,0,1,5,2,0
2.923408455798242,2,2,4,75.57806677530372,1,1,1,0,5,2,1
50.34847560430609,5,3,5,28.637753830071446,2,1,0,0,3,1,0
1.5646495960397666,4,2,4,69.42834814979567,3,0,0,0,6,3,0
35.16756189705207,4,5,2,107.96508009936797,3,1,0,0,9,1,0
10.207720349581692,2,5,2,149.85298503589567,4,1,0,0,2,3,0
52.781067039322494,2,3,5,25.41359015427095,4,0,0,0,1,2,0
47.29339638699464,2,1,1,26.98424650329792,4,0,0,0,8,1,0
4.359897746979762,4,5,5,63.18346313438297,3,1,0,0,6,1,0
55.80069313562562,3,5,3,45.64070411912236,1,1,0,0,4,2,0
43.345184782383214,3,4,3,55.49014159111061,2,1,0,0,5,3,0
1.904982771435535,3,4,1,137.91738737365029,3,1,0,1,2,2,1
58.75510618949439,2,2,1,135.0928453927554,1,1,0,1,5,2,0
49.16746301797055,4,3,4,171.29351836014737,4,0,1,0,4,3,0
20.48668881215928,2,2,5,164.85225727922943,3,0,0,1,2,3,1
37.37087756221324,1,3,1,40.59452430416181,4,0,1,0,4,1,0
12.633751750625157,1,1,1,77.31028371345393,3,1,1,0,5,3,0
18.51509266698789,3,2,5,89.69675886611779,2,1,1,1,4,3,1
19.53842039435904,1,3,4,183.70698868021884,4,1,0,0,6,3,0
50.5117096123488,2,1,1,189.8539231009851,1,0,1,0,3,2,0
26.034604639980536,2,4,4,63.813243015903645,3,0,1,1,7,3,0
6.76253821687501,2,2,5,148.05138359296944,3,1,0,0,7,1,0
10.942907106584588,5,2,4,173.24258041492422,4,1,0,0,5,3,0
53.95906127930286,3,4,5,60.89937277458318,4,0,0,0,9,1,0
51.256064928199166,5,3,2,51.84538673766124,2,1,1,1,7,1,0
48.18082183384461,5,1,2,32.28842625107919,2,0,1,0,9,3,0
42.88181161081653,1,2,3,79.39777997059026,2,1,0,1,5,1,0
59.42668246139792,2,4,3,144.19021108220227,3,1,0,1,7,2,0
19.733585247696897,2,2,1,184.4537882431129,3,0,1,0,8,3,0
3.690073451489717,2,2,2,132.17602953048572,3,0,1,1,3,3,1
43.47992222299269,5,2,5,11.047363425720391,3,1,0,0,2,3,0
42.70106797408678,2,3,1,84.17514935031039,3,0,0,0,2,2,0
26.933251547629258,2,3,5,16.50312405911477,4,1,1,0,3,3,0
46.14947709259502,4,4,4,137.31265871132237,2,1,0,1,6,3,0
28.04575955086089,5,5,4,107.99912356636948,3,1,0,0,9,1,1
42.25347089648719,3,1,2,144.82386956267354,2,0,0,1,5,3,0
7.206274653901414,1,2,1,163.01525406570653,4,1,0,1,2,2,0
32.676164977787586,5,3,2,69.75838254599063,3,0,0,0,9,3,0
44.36187238948166,3,3,4,13.00218481296463,4,0,1,1,3,2,1
34.79934537411741,2,5,1,68.187852573149,2,0,0,1,6,1,0
40.30123743596287,4,5,3,183.75524402356484,3,1,0,1,9,3,0
25.24771261569699,1,1,1,97.5038811162247,3,1,1,0,3,2,0
32.80896004960336,3,1,2,108.85875121985175,4,0,0,1,3,2,0
10.77571359558229,5,3,3,122.39576637212537,1,0,0,1,8,2,0
16.607189729104583,5,1,4,103.42172019434534,4,0,0,1,4,2,0
19.912926858232016,4,5,3,169.08434241107102,3,1,0,0,5,3,0
58.894075091264384,4,5,3,160.7755979777342,1,0,1,0,2,1,0
58.56066414313079,5,5,5,75.5570947049489,3,1,1,0,9,2,0
13.272913213330552,1,2,4,73.62773124406047,3,0,1,1,7,1,0
15.319547781406271,4,1,4,182.1588160665596,3,1,0,0,8,2,0
43.71939850420184,1,5,1,144.57308526261272,3,0,0,0,7,3,0
20.46876441544559,4,1,1,55.96263267190146,2,1,0,0,4,3,0
6.656397823593194,3,2,1,149.9074413558558,2,0,0,0,1,1,0
17.49933493348158,5,1,3,156.13058358815852,4,0,0,0,2,3,0
57.14512614153704,3,2,5,164.64416387229207,3,0,0,1,3,1,0
18.113529010339334,3,1,3,133.45625658578885,2,0,1,1,8,2,0
45.84981647022533,1,1,3,14.732157940501027,2,0,0,1,2,3,0
38.5871374907866,1,4,5,117.61302126947308,3,0,1,1,9,3,0
57.88974717314581,5,3,2,17.395438760306,1,1,1,1,4,2,0
21.880443002906635,4,1,1,108.12230272614114,3,0,0,1,6,3,0
12.90779037947063,4,3,1,146.6904716159651,3,0,1,0,7,2,0
50.06492049129181,2,4,2,59.40304677349162,1,1,0,0,4,3,0
45.31012910275592,3,3,4,141.4975225664942,4,1,1,0,6,3,0
46.66917124903171,4,2,5,168.90950043757067,1,0,0,1,7,1,0
49.38874043329187,5,2,3,140.49026112307524,4,0,0,0,8,3,0
31.70068087154305,2,3,4,180.7785169708509,3,1,0,0,5,3,0
42.10170815795832,1,5,3,138.88606616154448,3,0,0,0,8,2,0
42.81756203714195,5,3,1,136.1096947240712,3,0,0,1,1,1,0
21.16221310420535,3,3,4,178.09542825350078,4,0,0,1,2,2,0
12.699771420458363,4,3,4,57.25128870528998,4,0,0,0,1,2,1
9.68600855105864,2,1,1,28.68067671942321,3,0,0,0,7,3,0
44.282349437078274,3,4,4,168.47896337379473,3,1,0,0,7,1,0
24.14786096935921,1,3,5,171.93537319325506,4,1,0,0,9,2,0
16.935790570502157,5,2,4,65.80537981561592,1,1,0,0,1,1,0
15.025111643265484,3,5,1,172.2121284186738,3,1,0,1,2,2,1
27.16287042050955,4,1,1,176.44749876102907,1,0,0,0,7,1,0
54.5051281585103,5,2,3,142.15270693147232,3,0,0,1,5,1,0
17.035477208686682,3,2,4,197.77694943493435,1,1,1,1,6,1,0
24.98721628659949,2,3,1,133.3777616701358,4,1,0,1,2,1,0
15.011897579806703,1,4,1,121.73341050634112,4,1,1,1,3,3,1
3.016303939904865,1,1,2,191.5995109700736,1,1,0,1,3,2,0
12.509929993603654,1,2,2,31.36988459937728,4,1,0,0,9,1,0
6.552976478057437,1,2,1,69.47969953637747,3,1,1,1,5,3,1
34.602021281184214,1,1,3,133.07207960463637,1,0,0,1,8,2,0
27.24096452575704,2,4,5,75.91422577367742,3,0,0,1,7,2,0
36.6745841285344,4,3,1,57.07604546351605,3,0,0,0,4,2,0
47.70015350971512,5,3,1,131.30147265652244,4,0,0,0,4,1,0
23.462179316006,3,3,5,127.59106617400111,3,0,0,0,4,3,0
26.42327403755311,1,5,2,198.8131001163703,4,0,1,1,3,2,0
19.5635657575252,3,2,5,28.19637011886315,3,1,0,0,3,3,0
58.6420373566191,5,3,1,41.32008489524731,3,1,0,0,3,1,0
41.50380254524809,5,3,5,81.64624849342039,4,0,0,1,2,1,0
56.05735046292452,1,5,1,166.26489220551687,3,0,1,1,7,3,0
24.228037825379342,2,2,4,196.3636260144152,3,0,1,1,6,3,1
41.22063514582087,5,3,5,135.87259729519604,3,1,0,0,9,3,0
44.67067298172747,4,2,2,185.69791414455457,1,1,1,0,4,1,0
34.1436958893122,1,5,4,161.31027010194128,3,0,1,1,6,2,0
57.12072078502787,3,5,2,125.21909100347288,4,0,0,1,7,3,0
37.41645041569112,5,1,5,61.99749482141449,3,1,1,1,1,2,1
32.285538513260136,3,3,4,36.187643170821104,4,1,1,0,6,3,0
58.36940315226487,2,4,5,29.274275164091367,3,1,0,0,1,3,0
4.453891760714228,3,5,1,122.98955267810727,3,0,0,0,9,1,1
48.008018135941015,3,3,3,166.76796041805378,3,0,0,0,2,1,0
31.763566060398112,4,1,1,65.81339081293353,2,0,1,0,5,2,0
21.967922577124213,1,3,3,71.26849051382052,1,0,0,0,1,1,0
6.043424578028769,4,4,5,59.145511067017424,3,0,0,0,8,2,0
15.952505407965209,5,1,4,175.60797172200816,4,0,1,0,4,2,0
50.55643132959813,5,2,1,51.80458475749506,3,1,0,1,5,3,0
54.90110666285192,4,1,1,186.42749207667853,2,0,1,0,1,3,0
43.801367188663264,3,3,5,65.56273661493078,4,1,0,0,6,3,0
55.46210638904709,3,1,1,190.6646284779587,3,0,1,0,4,3,1
50.25718824153369,2,3,4,185.92193382644493,3,0,0,0,9,1,0
39.37221698110746,2,1,4,113.06887952884824,3,0,0,1,7,2,0
24.659748565561777,5,5,4,154.98552748632525,1,0,0,0,1,2,0
58.43790094608447,5,4,2,175.46153551453088,4,1,0,1,4,3,0
44.534005282649616,2,5,3,134.35953259895211,3,1,0,0,3,3,0
54.39146588408843,4,5,4,93.91517770749668,3,0,1,0,1,2,1
33.14442549889363,3,4,3,134.20424150002853,3,0,0,0,9,3,0
35.731410549736296,1,3,1,145.90348213083664,3,1,0,0,2,2,0
46.86417834634448,1,4,4,106.54098780016876,3,0,0,0,7,3,0
41.38971443515289,5,4,2,120.44665928643184,1,1,1,0,1,3,0
14.2377460032735,4,1,4,92.70556798390324,3,1,0,0,4,3,0
19.286055107363783,3,5,4,121.13767862366552,4,1,0,1,4,1,0
24.103727577574997,2,5,5,32.99976137878065,1,0,1,0,8,3,0
51.71087690069585,2,3,1,31.09950010081094,1,0,0,0,3,2,0
50.00307373700837,4,5,5,119.1174456675956,3,1,0,1,9,1,0
54.38119041392624,5,4,1,74.39049103467283,1,0,0,1,9,1,0
39.06641037340697,2,5,4,99.91417892010874,4,0,0,1,3,2,0
8.367503303125847,1,1,3,88.83253490332967,4,1,0,1,9,2,0
7.583096137113914,3,5,2,161.29108141657406,1,1,0,0,3,2,0
45.734123724650274,4,1,1,96.74964613308248,3,1,0,0,7,3,0
37.96975372209306,3,2,2,181.64799547325148,4,1,0,0,1,3,0
57.4117909858019,3,5,4,149.25218270743568,1,0,0,1,4,2,0
51.683657814721805,1,5,2,114.1059013614599,4,1,0,1,8,2,0
40.22291061310467,5,5,2,103.23041540147388,2,1,0,1,9,3,0
22.762564297998825,4,1,2,72.42763915647441,1,0,1,0,3,3,0
46.36396948305728,5,2,3,173.78543555591506,3,0,0,0,6,3,0
27.500170859859104,1,4,4,26.1585033048524,4,1,0,1,2,1,1
59.273859242511946,3,5,4,90.884127594584,4,0,0,0,5,3,0
47.80275746593817,3,3,1,37.382881137926574,1,1,0,0,7,2,0
50.91130012011234,5,4,4,161.23680941658296,4,1,0,1,4,1,0
53.6731985008436,4,4,3,103.5440107097199,1,1,1,0,6,1,0
48.46716460602239,1,1,5,27.62220132492855,4,0,0,1,5,1,0
25.97744854840742,3,2,3,68.92944075556105,2,1,1,1,5,1,0
31.68283320740743,4,5,4,101.92778961480172,3,0,0,1,2,3,1
50.02531891853573,5,5,2,154.22097110338623,3,1,0,0,3,1,0
38.35548852288687,4,2,4,68.10956434954365,1,0,0,0,4,1,0
31.11282775807394,5,3,4,177.45967599772953,4,0,0,1,9,1,0
2.4664165686585093,1,4,2,61.54273177424128,3,0,0,0,6,1,0
22.19776544281923,4,5,4,86.428885561217,2,1,0,1,7,3,0
31.50171780274142,1,2,4,107.04675313249037,1,0,1,0,7,2,0
30.533702797870088,4,4,4,59.14036737221908,4,1,0,0,1,3,0
23.17086146506784,4,2,3,107.5666365194598,4,0,1,0,1,2,0
40.30622708688748,2,4,3,170.00275538261735,3,1,1,0,1,3,0
29.614095756995475,3,2,4,29.810855379637392,4,0,0,1,7,2,0
13.507336711468366,2,3,2,171.01175179528457,4,0,0,1,6,3,0
59.97076205449223,4,5,5,150.2630044370998,3,0,0,1,4,1,1
11.989623796499046,3,5,5,80.65256460029279,3,0,0,0,4,3,0
39.499781042420416,1,3,4,58.56481017466921,3,1,0,0,6,1,0
39.93521402617132,3,5,1,164.10370374755334,3,1,0,0,8,3,0
13.332045972250445,1,2,3,74.40938980747987,2,1,0,1,4,1,1
15.996512751727751,5,2,4,181.30290545256943,3,1,1,1,8,2,0
12.809127215550635,1,1,3,140.51853333045108,4,0,0,0,4,3,0
46.85168323676472,5,5,5,104.79813645627075,3,1,0,0,3,2,1
7.9125655022729235,5,3,3,145.12257685317803,3,0,0,0,3,2,0
13.986396411894034,3,5,3,118.4198193756179,2,1,0,1,1,1,1
8.55595343703207,5,4,2,194.93351983684263,1,0,0,0,9,3,0
39.95299137373279,1,5,3,29.443292883102213,3,1,1,0,8,2,0
10.691894792308084,5,3,4,130.08219595514345,3,0,0,1,8,3,0
2.987387249222353,3,5,4,46.015127892293954,2,1,1,1,1,1,1
48.028480345571445,3,4,2,54.84893264101628,2,0,0,0,9,3,0
21.49629336602221,4,3,5,91.29013239461976,3,0,0,1,7,3,0
19.8420910314868,2,1,2,26.535667768835932,4,0,0,0,7,2,1
47.77061152632037,2,3,4,141.23893476315675,4,1,0,0,4,1,0
5.275563182730735,1,3,2,163.03256142092857,4,1,1,0,8,2,0
35.061019634383435,1,3,5,174.69421118930478,4,1,0,1,9,1,0
9.303960506044922,4,5,2,180.16039006571933,3,0,0,0,8,2,0
57.81199643231582,4,3,5,100.32003300321723,4,0,1,1,2,2,0
33.408149084792534,5,3,4,100.04558470088456,1,0,1,0,7,1,0
29.12231099560496,1,5,3,94.4044184389143,3,0,0,0,2,1,0
20.322295760584936,5,1,5,59.84302632978498,1,0,0,0,8,1,0
48.31864019372804,5,2,4,87.81443523716717,1,0,1,0,6,1,1
38.37083219224377,3,3,3,191.3211674565433,3,0,0,0,2,3,0
48.81009527194225,5,3,2,46.72720470875863,4,0,1,1,5,3,0
49.36253676902509,3,1,1,156.26111540181313,3,0,0,0,9,2,0
15.80819149516407,5,2,2,101.0633329895042,1,0,0,0,1,1,0
38.48255682736879,1,4,2,65.16185579612737,3,0,1,1,9,3,0
30.887367074454936,2,5,4,43.90707680325642,3,1,0,1,1,2,1
9.872375349800592,2,4,4,66.17067481519535,3,0,1,1,2,3,1
6.428324721310165,4,4,1,58.0696988835766,1,1,1,1,2,3,1
38.8960775319044,4,5,4,136.86919726235686,4,0,0,0,8,3,0
40.37846581046714,3,4,2,186.0016661122389,4,1,0,1,1,1,0
39.9001420515366,1,3,2,42.1609181264004,3,1,1,0,3,2,0
37.39453246105086,3,3,3,135.4879642349166,2,0,0,0,9,2,0
7.662920399563234,1,3,4,115.47240941873044,2,1,0,0,7,2,0
10.129259207354144,5,5,4,140.8388472280615,3,1,0,0,3,1,1
25.518501198050178,5,4,5,135.22463075675626,3,0,0,1,8,1,1
6.991291838321758,1,5,2,60.250086548673735,1,0,0,0,7,3,0
7.846623377451114,5,4,5,24.919682059556408,2,0,1,0,9,1,1
10.560017517062024,1,3,1,31.26806065682991,4,0,0,0,5,2,0
58.83851735010148,1,2,1,12.442555685310968,3,0,0,0,7,1,0
14.220371998491682,3,2,4,53.28071187261856,4,0,0,1,1,3,0
24.24274006240362,4,4,2,13.901793261131994,4,0,1,0,3,1,0
25.12585248491176,1,1,5,127.33324814438672,2,1,1,0,5,1,0
4.771248989117824,1,3,4,35.60818532113152,3,0,1,0,3,3,0
50.91097242795797,1,2,2,71.10701806075684,3,0,0,0,3,1,0
55.35583361022382,4,1,4,188.6300494204889,4,0,0,0,9,2,0
15.22211186381494,5,4,3,150.1839663227358,4,0,1,1,9,3,1
49.20686521151299,1,3,4,12.191100640958732,2,0,1,1,2,3,0
7.060187173583814,1,5,1,86.01726986745636,4,1,1,1,8,1,0
51.12780829941109,5,5,4,115.46159739079496,1,0,1,1,5,3,0
38.73095634516474,3,5,5,118.92288156780248,2,0,0,1,4,1,0
47.41376468698968,4,3,1,161.24861370972803,3,1,0,1,7,2,0
10.620332711212727,3,1,1,38.79947236697655,1,0,1,0,3,1,0
0.9818711933464686,2,1,4,28.528918164431182,3,1,0,0,2,2,0
44.7063180825063,2,5,1,95.55532559707176,3,0,0,1,3,2,0
50.53751960009723,4,4,3,24.29559190003533,1,1,0,0,2,1,0
42.29117540968138,3,4,1,152.10402288989147,1,0,0,0,8,1,0
32.42438990353504,5,2,4,175.54604089673737,3,0,0,0,2,1,0
2.7720215344789745,3,5,3,44.60916751117071,4,0,0,0,9,2,0
25.42107384359913,1,2,3,59.695380542217386,3,0,0,0,5,2,1
18.576954479444183,2,1,5,82.1737288987872,1,0,1,0,8,2,0
7.784940240717127,4,4,1,59.16874125649566,2,1,0,0,1,1,1
12.29116345345587,3,3,5,141.18643071469646,2,0,0,0,3,2,0
35.21888417521433,5,1,4,105.27480607092583,4,1,0,1,5,1,0
59.24801785436977,1,1,5,121.25783977362926,3,1,0,0,4,1,0
38.27638787574266,2,3,1,189.62389280240868,2,0,0,1,2,2,0
27.6304887591311,5,1,3,86.40379933977407,3,1,0,1,4,1,1
30.9671512385177,5,4,2,128.02954548748906,3,1,0,0,1,1,0
11.033650097795388,2,2,1,69.32142001443609,4,1,0,0,8,2,0
29.661836388214414,4,4,1,47.60019003626908,3,1,0,1,8,2,0
4.319539845902538,2,4,1,86.20347614188134,4,1,1,0,4,1,0
